{"type":"FeatureCollection","features":[{"type":"Feature","properties":{"cod_quar":11,"quartiere":"Borgo Panigale - Reno","bbox":[11.22966,44.4878,11.31255,44.55564]},"geometry":{"type":"MultiPolygon","coordinates":[[[[11.29007,44.48886,61.2],[11.28976,44.48878,58.8],[11.28947,44.48872,57.0],[11.28927,44.48867,56.2],[11.28927,44.48867,56.2],[11.28923,44.48866,56.1],[11.28913,44.48862,55.9],[11.2891,44.48861,55.8],[11.28895,44.48855,55.5],[11.28895,44.48855,55.5],[11.28883,44.48849,55.3],[11.28883,44.48849,55.3],[11.28873,44.48843,55.0],[11.28873,44.48843,55.0],[11.28863,44.48836,54.9],[11.28863,44.48836,54.9],[11.28852,44.48826,55.1],[11.28852,44.48826,55.1],[11.28836,44.48809,56.1],[11.28836,44.48809,56.1],[11.28826,44.48798,56.7],[11.2882,44.48795,56.7],[11.28816,44.488,56.4],[11.28824,44.48816,55.5],[11.28824,44.48816,55.5],[11.28816,44.48815,55.5],[11.28787,44.48817,55.5],[11.28754,44.48821,55.7],[11.28744,44.48824,55.7],[11.2872,44.48826,55.7],[11.2869,44.48827,55.5],[11.28675,44.48829,55.1],[11.28654,44.48831,54.4],[11.28617,44.48834,53.0],[11.28608,44.48835,52.7],[11.28608,44.48835,52.7],[11.28603,44.48834,52.6],[11.28602,44.48833,52.5],[11.28601,44.48833,52.5],[11.28598,44.48831,52.4],[11.28598,44.48831,52.4],[11.28586,44.48817,51.9],[11.28584,44.4882,51.9],[11.28582,44.48823,51.8],[11.28467,44.48958,51.2],[11.28449,44.48961,50.6],[11.28437,44.48962,50.3],[11.28427,44.48962,50.1],[11.28361,44.48962,49.7],[11.28347,44.48965,49.6],[11.28331,44.48969,49.6],[11.28301,44.4898,49.4],[11.28301,44.4898,49.4],[11.28298,44.48976,49.3],[11.28278,44.48946,48.7],[11.28278,44.48946,48.7],[11.28269,44.48938,48.4],[11.28247,44.48919,48.0],[11.28247,44.48919,48.0],[11.28236,44.48913,47.8],[11.28224,44.48906,47.7],[11.28193,44.48888,47.8],[11.28176,44.48879,47.9],[11.28151,44.48865,48.4],[11.28144,44.4887,48.3],[11.28114,44.48893,47.8],[11.28104,44.48901,47.6],[11.28094,44.48909,47.5],[11.28024,44.48963,46.3],[11.27906,44.49057,45.4],[11.27879,44.49079,46.2],[11.27859,44.49096,46.6],[11.27857,44.49099,46.6],[11.27845,44.4912,46.5],[11.27843,44.4912,46.5],[11.27843,44.4912,46.5],[11.27842,44.4912,46.6],[11.27842,44.4912,46.6],[11.2777,44.4911,50.6],[11.27765,44.49109,51.0],[11.27756,44.49108,51.5],[11.27721,44.49103,53.6],[11.27686,44.49099,54.5],[11.27678,44.49098,54.6],[11.27663,44.49096,54.8],[11.27659,44.49096,54.8],[11.27657,44.49095,54.8],[11.2765,44.49094,54.8],[11.27614,44.49087,54.8],[11.27588,44.49082,54.7],[11.27588,44.49082,54.7],[11.27563,44.49076,54.7],[11.275,44.4906,54.6],[11.27498,44.49059,54.6],[11.27497,44.49059,54.6],[11.27484,44.49056,54.5],[11.27478,44.49054,54.4],[11.27359,44.49023,52.9],[11.27343,44.49019,53.1],[11.27318,44.49013,53.4],[11.27309,44.49011,53.6],[11.27307,44.49011,53.6],[11.27305,44.49011,53.6],[11.27304,44.49011,53.6],[11.273,44.49013,53.6],[11.27284,44.49024,53.5],[11.27272,44.49034,53.3],[11.27266,44.49039,53.2],[11.27261,44.49043,53.1],[11.27233,44.49068,53.0],[11.27227,44.49072,53.1],[11.27223,44.49072,53.2],[11.27222,44.49073,53.2],[11.2722,44.49073,53.2],[11.27215,44.49073,53.3],[11.27199,44.49072,53.8],[11.27196,44.49072,53.9],[11.27179,44.49072,54.4],[11.27177,44.49072,54.4],[11.27167,44.49073,54.6],[11.27154,44.49073,55.0],[11.27151,44.49074,55.0],[11.2713,44.49076,55.6],[11.27109,44.49081,56.0],[11.27083,44.49087,56.2],[11.27081,44.49088,56.2],[11.27074,44.4909,56.2],[11.27063,44.49094,56.1],[11.2704,44.49098,55.9],[11.27032,44.49099,55.8],[11.27007,44.49102,55.7],[11.26991,44.49104,55.7],[11.26991,44.49104,55.7],[11.26985,44.49105,55.7],[11.2698,44.49107,55.7],[11.26956,44.49114,55.6],[11.26932,44.49114,55.5],[11.26918,44.49114,55.5],[11.26908,44.49114,55.5],[11.26888,44.49115,55.4],[11.26879,44.49115,55.5],[11.26873,44.49115,55.5],[11.26873,44.49115,55.5],[11.26873,44.49115,55.5],[11.26872,44.49112,55.5],[11.2686,44.49093,55.8],[11.26837,44.4904,56.5],[11.26835,44.49034,56.5],[11.26832,44.49028,56.6],[11.26823,44.49007,56.9],[11.26819,44.49001,57.0],[11.26814,44.49002,57.0],[11.26809,44.49003,57.0],[11.26753,44.49017,57.2],[11.26707,44.49027,57.1],[11.26677,44.49033,57.1],[11.26657,44.49037,57.2],[11.26593,44.49051,58.1],[11.26587,44.49052,58.2],[11.26476,44.49076,60.2],[11.26407,44.49091,59.3],[11.26403,44.49091,59.3],[11.26403,44.49091,59.3],[11.26396,44.49092,59.3],[11.26371,44.49098,59.3],[11.2636,44.491,59.2],[11.26301,44.49113,59.0],[11.26297,44.49114,59.0],[11.26276,44.49119,59.0],[11.26188,44.4914,58.5],[11.26183,44.4914,58.4],[11.26178,44.49139,58.4],[11.26177,44.49139,58.4],[11.26171,44.49142,58.3],[11.26141,44.49151,58.0],[11.26133,44.49153,57.9],[11.26108,44.49161,57.7],[11.26033,44.49182,56.6],[11.25965,44.49202,57.2],[11.25937,44.49211,57.7],[11.25881,44.49227,57.4],[11.25789,44.49253,57.4],[11.2575,44.49265,57.7],[11.25695,44.49281,57.9],[11.25639,44.49297,58.6],[11.25603,44.49307,59.2],[11.25572,44.49316,59.5],[11.25529,44.49329,60.0],[11.25523,44.49331,60.0],[11.25514,44.49333,60.1],[11.25517,44.49339,60.1],[11.2552,44.49344,60.2],[11.25526,44.49356,60.3],[11.25528,44.4936,60.3],[11.2553,44.49364,60.3],[11.25534,44.4937,60.4],[11.25539,44.49381,60.6],[11.25544,44.49391,60.7],[11.25546,44.49395,60.7],[11.2555,44.49402,60.8],[11.25554,44.49407,60.8],[11.25558,44.49413,60.9],[11.25563,44.4942,60.9],[11.25568,44.49427,60.9],[11.25571,44.49432,60.9],[11.25573,44.49438,60.9],[11.25574,44.49439,60.9],[11.25578,44.49448,60.8],[11.25581,44.49452,60.8],[11.25582,44.49456,60.8],[11.25586,44.49461,60.7],[11.25591,44.4947,60.6],[11.25594,44.49473,60.6],[11.25595,44.49474,60.5],[11.25598,44.49478,60.4],[11.25605,44.49485,60.3],[11.25613,44.49492,60.0],[11.25614,44.49494,60.0],[11.25616,44.49497,60.0],[11.25617,44.49499,60.0],[11.25617,44.495,60.0],[11.25617,44.495,60.0],[11.25617,44.495,60.0],[11.25617,44.49502,60.0],[11.25617,44.49505,60.0],[11.25619,44.49511,59.9],[11.25621,44.49515,59.9],[11.25623,44.49519,59.8],[11.25623,44.49519,59.8],[11.25623,44.49519,59.8],[11.25623,44.49523,59.8],[11.25623,44.49529,59.8],[11.25623,44.49534,59.7],[11.25623,44.49535,59.7],[11.25623,44.49537,59.7],[11.25624,44.49537,59.7],[11.25627,44.49546,59.6],[11.25633,44.49563,59.5],[11.25635,44.49568,59.5],[11.25637,44.49575,59.5],[11.2564,44.49583,59.5],[11.25641,44.49585,59.5],[11.25646,44.49596,59.5],[11.25647,44.49603,59.6],[11.25648,44.49607,59.6],[11.25649,44.49611,59.6],[11.2565,44.49614,59.6],[11.25653,44.49621,59.7],[11.25654,44.49625,59.7],[11.25655,44.49626,59.7],[11.25658,44.49631,59.7],[11.25667,44.49659,59.6],[11.25679,44.49694,58.7],[11.2568,44.49696,58.6],[11.2568,44.49696,58.6],[11.2568,44.49696,58.6],[11.25682,44.49703,58.4],[11.25692,44.49738,57.6],[11.25693,44.49744,57.6],[11.25694,44.49747,57.6],[11.25696,44.49751,57.6],[11.25695,44.49751,57.6],[11.25695,44.49751,57.6],[11.25677,44.4975,57.6],[11.25643,44.49744,57.8],[11.25621,44.49741,58.1],[11.2559,44.49737,58.4],[11.25563,44.49735,58.7],[11.2554,44.49734,59.0],[11.2547,44.49731,59.7],[11.25447,44.49731,59.9],[11.25427,44.49731,60.0],[11.25406,44.4973,60.1],[11.25388,44.49729,60.2],[11.25361,44.49728,60.3],[11.25355,44.49727,60.3],[11.25353,44.49727,60.3],[11.25343,44.49726,60.4],[11.25305,44.49722,60.5],[11.25201,44.49711,60.7],[11.2516,44.49707,60.9],[11.25124,44.49703,61.2],[11.25111,44.49702,61.3],[11.25105,44.49701,61.3],[11.25095,44.49699,61.4],[11.25085,44.49697,61.5],[11.25058,44.49692,61.5],[11.25044,44.49689,61.5],[11.24996,44.49679,61.3],[11.24922,44.49666,61.5],[11.24914,44.49664,61.6],[11.24877,44.49658,62.4],[11.24861,44.49656,62.7],[11.24855,44.49655,62.8],[11.24842,44.49653,62.9],[11.24809,44.49647,62.8],[11.24763,44.49639,62.4],[11.24762,44.49645,62.4],[11.24763,44.49648,62.4],[11.24765,44.49657,62.5],[11.24767,44.49662,62.6],[11.24778,44.49686,63.1],[11.24787,44.49705,63.5],[11.24819,44.49774,63.5],[11.24837,44.49815,62.4],[11.24844,44.49833,61.8],[11.24852,44.4985,61.2],[11.24861,44.49869,60.8],[11.24876,44.49893,60.3],[11.24902,44.49937,58.9],[11.24931,44.49984,57.7],[11.24946,44.50008,58.0],[11.24991,44.50079,60.2],[11.25008,44.50105,60.1],[11.25013,44.50114,59.9],[11.25013,44.50114,59.9],[11.25013,44.50114,59.9],[11.25013,44.50114,59.9],[11.25008,44.50116,59.8],[11.24973,44.50123,59.4],[11.2496,44.50126,59.3],[11.24927,44.50133,59.0],[11.24912,44.50136,59.0],[11.24899,44.50139,59.1],[11.24877,44.50143,59.1],[11.24871,44.50143,59.1],[11.24856,44.50145,59.1],[11.24834,44.50148,59.2],[11.24827,44.50148,59.3],[11.24809,44.50148,59.4],[11.24778,44.50144,59.7],[11.24774,44.50143,59.7],[11.24756,44.50137,59.8],[11.24746,44.50134,59.7],[11.24731,44.50128,59.6],[11.24713,44.50122,59.4],[11.24702,44.50118,59.3],[11.24683,44.50112,59.2],[11.24665,44.5011,59.3],[11.2465,44.50108,59.5],[11.24624,44.50107,60.0],[11.24615,44.50106,60.2],[11.24524,44.50106,60.6],[11.24497,44.50107,60.7],[11.24471,44.50108,60.8],[11.24451,44.50109,60.9],[11.24395,44.50112,61.0],[11.24318,44.50116,61.7],[11.24294,44.50117,62.2],[11.2428,44.50118,62.5],[11.24223,44.50122,62.9],[11.24206,44.50125,62.9],[11.24198,44.50128,62.9],[11.24182,44.50132,63.0],[11.24166,44.50139,63.0],[11.24158,44.50142,63.1],[11.24144,44.50148,63.2],[11.24131,44.50152,63.3],[11.24097,44.50161,63.3],[11.24093,44.50162,63.2],[11.24091,44.50163,63.2],[11.24074,44.50168,62.9],[11.24058,44.50175,62.4],[11.24048,44.5018,62.1],[11.2402,44.50198,61.4],[11.24001,44.5021,61.1],[11.24001,44.5021,61.1],[11.23998,44.50212,61.0],[11.23974,44.50224,60.9],[11.23958,44.50232,60.8],[11.23936,44.50242,60.9],[11.23911,44.50253,60.8],[11.23911,44.50253,60.8],[11.23905,44.50255,60.8],[11.23898,44.50257,60.8],[11.23884,44.5026,60.9],[11.2387,44.50261,61.1],[11.23829,44.50266,61.4],[11.23826,44.50267,61.3],[11.23803,44.50271,61.3],[11.23767,44.50278,61.1],[11.2374,44.50284,60.9],[11.23699,44.50293,60.4],[11.23699,44.50293,60.4],[11.23669,44.50299,60.3],[11.23646,44.50305,60.6],[11.23634,44.50308,60.9],[11.23572,44.50324,62.0],[11.23582,44.50339,61.7],[11.2362,44.50395,60.2],[11.23681,44.50488,59.9],[11.23706,44.50527,59.3],[11.23701,44.50529,59.3],[11.2359,44.50565,60.7],[11.23602,44.50583,60.5],[11.23637,44.50635,60.0],[11.23665,44.50679,59.4],[11.23674,44.50692,59.0],[11.23676,44.50696,58.8],[11.23701,44.50732,57.6],[11.23701,44.50733,57.6],[11.23701,44.50733,57.6],[11.23701,44.50733,57.6],[11.23669,44.50745,57.7],[11.23668,44.50745,57.7],[11.23657,44.50749,57.7],[11.23618,44.50761,57.9],[11.23604,44.50766,57.9],[11.23598,44.50768,57.9],[11.23558,44.50782,57.2],[11.23538,44.50789,56.8],[11.23526,44.50794,56.6],[11.23522,44.50795,56.5],[11.23521,44.50796,56.5],[11.23433,44.50827,55.9],[11.23395,44.5084,55.8],[11.23292,44.50876,57.7],[11.23251,44.5089,58.2],[11.23263,44.50912,57.9],[11.23273,44.5093,57.4],[11.23299,44.50975,55.6],[11.23321,44.51009,55.8],[11.23339,44.51037,56.3],[11.2334,44.5104,56.4],[11.23381,44.51119,57.3],[11.23387,44.5113,57.4],[11.23394,44.51141,57.4],[11.23398,44.51148,57.4],[11.23401,44.51155,57.4],[11.23407,44.51161,57.3],[11.23416,44.51166,57.3],[11.23485,44.51203,56.6],[11.23498,44.51208,56.5],[11.23505,44.5121,56.5],[11.2357,44.51216,56.3],[11.23581,44.51215,56.3],[11.23581,44.51215,56.3],[11.23583,44.51215,56.3],[11.23602,44.51212,56.3],[11.23607,44.51211,56.3],[11.23621,44.51208,56.3],[11.23625,44.51207,56.4],[11.23664,44.51199,56.8],[11.23665,44.51198,56.8],[11.23674,44.51197,56.9],[11.23696,44.51198,56.9],[11.2373,44.51199,56.5],[11.23751,44.51201,56.1],[11.23765,44.51204,55.7],[11.23778,44.5121,55.3],[11.23779,44.5121,55.3],[11.23789,44.51218,54.8],[11.23791,44.5122,54.6],[11.23791,44.5122,54.6],[11.23791,44.5122,54.6],[11.23796,44.51225,54.3],[11.23805,44.51235,53.9],[11.23808,44.5124,53.8],[11.23815,44.51251,53.6],[11.23816,44.51253,53.6],[11.23826,44.51274,53.4],[11.23835,44.51312,53.3],[11.23836,44.51323,53.4],[11.2384,44.51369,54.8],[11.23841,44.51375,55.1],[11.23844,44.51389,55.7],[11.23874,44.51443,55.8],[11.23917,44.51519,53.4],[11.23926,44.51538,52.8],[11.23932,44.51554,52.5],[11.23935,44.51567,52.3],[11.23939,44.51585,52.1],[11.23942,44.5161,52.1],[11.23946,44.51645,52.0],[11.23949,44.51671,51.9],[11.23951,44.51689,51.9],[11.23952,44.51698,51.9],[11.23953,44.51721,51.9],[11.23964,44.51748,52.2],[11.23967,44.51754,52.2],[11.23972,44.51765,52.1],[11.23981,44.51775,52.1],[11.23985,44.51779,52.1],[11.23993,44.51787,52.0],[11.24001,44.51796,51.8],[11.24005,44.518,51.7],[11.24016,44.51811,51.4],[11.24031,44.51828,51.1],[11.24047,44.51847,51.0],[11.24051,44.51853,51.0],[11.24053,44.51856,51.0],[11.2406,44.51865,51.0],[11.24061,44.51865,51.0],[11.24061,44.51865,51.0],[11.24075,44.51893,51.0],[11.24084,44.51911,50.9],[11.24084,44.51911,50.9],[11.24089,44.51923,50.9],[11.24095,44.51945,50.9],[11.24117,44.52027,50.1],[11.24121,44.52048,49.6],[11.24124,44.52064,49.2],[11.24129,44.52092,48.8],[11.24129,44.52094,48.8],[11.24129,44.52094,48.8],[11.24129,44.52136,48.5],[11.24125,44.52166,48.2],[11.2412,44.52185,47.8],[11.24115,44.52197,47.6],[11.24092,44.52244,47.2],[11.24069,44.52281,48.0],[11.24066,44.52284,48.0],[11.24062,44.52289,48.2],[11.24057,44.52294,48.3],[11.24055,44.52296,48.3],[11.24053,44.52298,48.4],[11.24052,44.52299,48.4],[11.24046,44.52304,48.5],[11.24043,44.52307,48.5],[11.24041,44.5231,48.6],[11.24023,44.52325,48.7],[11.24009,44.52335,48.8],[11.23988,44.52346,48.9],[11.23976,44.52354,48.9],[11.23917,44.52376,48.5],[11.23912,44.52377,48.5],[11.23896,44.52384,48.2],[11.23846,44.52398,47.4],[11.23822,44.52403,47.2],[11.23804,44.52406,47.2],[11.23779,44.5241,47.1],[11.23748,44.52413,47.0],[11.23702,44.52419,46.9],[11.23683,44.5242,46.9],[11.2365,44.52422,47.0],[11.23627,44.52423,47.2],[11.23608,44.52423,47.4],[11.23579,44.52423,47.5],[11.23523,44.52423,47.5],[11.23495,44.52422,47.7],[11.23442,44.5242,48.2],[11.23442,44.5242,48.2],[11.23368,44.52418,47.5],[11.23292,44.52416,46.4],[11.23283,44.52417,46.2],[11.23217,44.52434,45.8],[11.23214,44.52436,45.8],[11.23209,44.52438,45.7],[11.23197,44.52456,45.5],[11.2317,44.52494,45.3],[11.23157,44.52512,45.4],[11.23147,44.52525,45.5],[11.23135,44.52535,45.7],[11.23121,44.52547,45.8],[11.23105,44.52564,45.9],[11.23077,44.52594,46.0],[11.23069,44.52602,46.1],[11.23061,44.52611,46.3],[11.23037,44.52637,47.0],[11.23034,44.5264,47.1],[11.2301,44.52674,48.0],[11.23008,44.52677,48.0],[11.23004,44.52681,48.0],[11.23003,44.52685,48.0],[11.23002,44.52687,48.0],[11.22991,44.52713,48.2],[11.22993,44.52727,48.1],[11.22994,44.52735,48.0],[11.22998,44.52758,48.5],[11.23008,44.52824,50.0],[11.23012,44.52847,49.6],[11.23014,44.52858,49.4],[11.23015,44.52862,49.4],[11.23015,44.52866,49.3],[11.23015,44.52867,49.3],[11.23015,44.52871,49.3],[11.23007,44.52903,48.8],[11.22995,44.52947,46.9],[11.22993,44.52953,46.6],[11.22979,44.5301,44.3],[11.22967,44.53046,43.6],[11.22966,44.53053,43.5],[11.2297,44.53067,43.4],[11.22977,44.53093,43.8],[11.22978,44.53095,43.8],[11.22978,44.53096,43.9],[11.22981,44.53104,44.1],[11.22992,44.5312,44.6],[11.22994,44.53123,44.7],[11.23005,44.53137,45.1],[11.2302,44.53158,45.5],[11.23028,44.53169,45.5],[11.23038,44.53181,45.6],[11.23044,44.53189,45.6],[11.2305,44.53197,45.7],[11.23051,44.53198,45.7],[11.23053,44.53203,45.8],[11.23056,44.53209,45.9],[11.23056,44.53209,45.9],[11.23056,44.53209,45.9],[11.23063,44.53223,46.2],[11.23063,44.53223,46.2],[11.23081,44.53259,46.6],[11.23089,44.53273,46.5],[11.23091,44.53276,46.5],[11.23091,44.53276,46.5],[11.23092,44.53279,46.5],[11.23092,44.53281,46.5],[11.23093,44.53284,46.4],[11.23095,44.5329,46.4],[11.23097,44.53297,46.3],[11.23102,44.53303,46.2],[11.23109,44.53313,46.1],[11.23114,44.5332,46.0],[11.23119,44.53326,46.0],[11.23121,44.53328,46.0],[11.2313,44.53338,45.9],[11.23182,44.53397,45.7],[11.23187,44.53404,45.6],[11.23194,44.53412,45.4],[11.23206,44.53428,45.1],[11.2322,44.53445,44.8],[11.2322,44.53445,44.8],[11.23225,44.53452,44.7],[11.23228,44.53458,44.6],[11.23229,44.5346,44.6],[11.23233,44.53468,44.5],[11.23233,44.53469,44.5],[11.2326,44.5352,43.6],[11.23261,44.53521,43.5],[11.23261,44.53521,43.5],[11.23262,44.53524,43.5],[11.23264,44.53527,43.4],[11.23289,44.53576,41.8],[11.23289,44.53577,41.8],[11.23289,44.53578,41.8],[11.23305,44.53605,41.4],[11.2332,44.53629,41.5],[11.23337,44.53651,41.9],[11.23362,44.53687,42.6],[11.23369,44.53695,42.7],[11.23373,44.537,42.8],[11.23379,44.53707,42.9],[11.23389,44.53721,43.1],[11.23393,44.53728,43.1],[11.23396,44.53733,43.1],[11.234,44.53741,43.2],[11.23407,44.53756,43.1],[11.23409,44.53759,43.1],[11.2342,44.53778,43.0],[11.23421,44.53779,43.0],[11.23424,44.53783,42.9],[11.23424,44.53784,42.9],[11.23424,44.53784,42.9],[11.2343,44.53793,42.7],[11.23432,44.53797,42.7],[11.23433,44.53799,42.6],[11.23435,44.53801,42.6],[11.2344,44.5381,42.4],[11.23443,44.53814,42.3],[11.23451,44.53827,42.0],[11.23453,44.5383,41.9],[11.23453,44.5383,41.9],[11.23453,44.5383,41.9],[11.23468,44.53861,40.7],[11.23474,44.53877,40.2],[11.23475,44.53879,40.1],[11.23485,44.5391,39.7],[11.23489,44.53921,39.7],[11.23499,44.53947,39.7],[11.23519,44.53998,39.8],[11.23536,44.54035,39.8],[11.23541,44.5404,39.7],[11.23542,44.54042,39.7],[11.23549,44.54051,39.6],[11.23552,44.54055,39.6],[11.23555,44.54059,39.5],[11.23559,44.54064,39.4],[11.23582,44.5409,39.1],[11.23604,44.54114,39.1],[11.23607,44.54117,39.1],[11.2362,44.54127,39.2],[11.23622,44.5413,39.2],[11.23632,44.54146,39.2],[11.23634,44.54149,39.3],[11.23651,44.54181,39.0],[11.23666,44.54208,38.4],[11.23685,44.5425,38.0],[11.23693,44.54266,38.1],[11.23696,44.54276,38.1],[11.23697,44.54288,38.2],[11.23706,44.54285,38.3],[11.23733,44.54331,39.1],[11.23742,44.54349,39.0],[11.23751,44.54372,38.6],[11.23753,44.54382,38.4],[11.23758,44.54399,38.1],[11.23765,44.54416,37.9],[11.23773,44.54432,37.7],[11.23784,44.54452,37.5],[11.23794,44.54468,37.2],[11.238,44.54478,37.1],[11.23827,44.54524,37.2],[11.23833,44.54536,37.4],[11.23846,44.54558,37.6],[11.23847,44.54559,37.6],[11.23847,44.5456,37.6],[11.23878,44.54598,37.4],[11.23901,44.54624,37.2],[11.23984,44.54719,36.0],[11.23989,44.54725,35.9],[11.23989,44.54726,35.9],[11.23989,44.54726,35.9],[11.23994,44.54733,35.9],[11.23983,44.54761,35.5],[11.23982,44.54763,35.5],[11.24005,44.54798,34.7],[11.24058,44.54878,33.8],[11.24131,44.54989,31.2],[11.24183,44.55068,30.1],[11.24218,44.55123,29.8],[11.24295,44.55242,31.0],[11.24305,44.55258,31.1],[11.24338,44.55315,31.2],[11.2434,44.55318,31.2],[11.24506,44.55564,29.1],[11.24889,44.55448,33.1],[11.24901,44.55444,33.0],[11.24912,44.55441,32.8],[11.25022,44.55405,32.2],[11.25023,44.55407,32.1],[11.2503,44.55405,32.1],[11.25048,44.55435,31.3],[11.2511,44.55539,29.7],[11.25125,44.55562,29.0],[11.25169,44.55508,31.0],[11.25188,44.55486,31.7],[11.25211,44.55459,32.3],[11.25216,44.55452,32.4],[11.25262,44.5539,33.1],[11.25264,44.55387,33.2],[11.25354,44.55266,33.5],[11.25374,44.55239,33.2],[11.25398,44.55209,33.3],[11.25432,44.55165,33.8],[11.25465,44.55122,34.0],[11.25576,44.5498,33.8],[11.25606,44.54942,31.4],[11.25609,44.54936,31.3],[11.25631,44.54905,31.5],[11.25646,44.54889,31.8],[11.25656,44.54879,31.9],[11.2566,44.54871,32.0],[11.25675,44.54842,32.0],[11.25756,44.54735,30.7],[11.25769,44.54717,31.3],[11.25797,44.54692,32.8],[11.25801,44.54688,33.1],[11.25808,44.54681,33.5],[11.25845,44.54629,34.7],[11.25866,44.546,34.7],[11.25868,44.54597,34.7],[11.25872,44.54591,34.7],[11.25886,44.54571,34.6],[11.25945,44.54501,34.6],[11.2599,44.54446,34.1],[11.26018,44.54407,33.3],[11.26036,44.54381,33.2],[11.2604,44.54376,33.3],[11.26094,44.54306,34.7],[11.26105,44.54305,34.9],[11.26108,44.54298,35.0],[11.26109,44.54295,35.1],[11.26112,44.54289,35.2],[11.26122,44.54267,35.6],[11.2619,44.54176,38.0],[11.26271,44.54081,36.1],[11.26283,44.54066,36.3],[11.26289,44.54057,36.3],[11.26328,44.53996,36.7],[11.26357,44.53967,37.1],[11.26367,44.53957,37.3],[11.26389,44.5392,37.8],[11.26408,44.53896,38.2],[11.26416,44.53886,38.3],[11.26418,44.53883,38.3],[11.26419,44.53881,38.3],[11.26435,44.5386,38.3],[11.26571,44.53686,36.8],[11.26574,44.53681,36.7],[11.26588,44.53667,36.7],[11.26597,44.53658,36.6],[11.26609,44.53639,36.5],[11.26636,44.53599,36.1],[11.26743,44.53461,38.2],[11.26746,44.53457,38.1],[11.26757,44.53442,37.9],[11.26839,44.53337,36.8],[11.26841,44.53333,36.9],[11.2685,44.53322,37.1],[11.26906,44.5325,38.5],[11.26909,44.53255,38.5],[11.26909,44.53255,38.5],[11.26918,44.53245,38.6],[11.26947,44.53287,38.2],[11.26985,44.53347,38.0],[11.27012,44.53388,38.0],[11.27049,44.53447,37.4],[11.2705,44.53448,37.4],[11.2705,44.53448,37.4],[11.27071,44.53483,37.0],[11.27071,44.53488,37.0],[11.27066,44.53492,36.9],[11.27056,44.53495,36.8],[11.27056,44.53496,36.8],[11.27023,44.53511,36.5],[11.27023,44.53514,36.5],[11.27026,44.53521,36.6],[11.27033,44.53531,36.9],[11.27059,44.53566,37.9],[11.27079,44.53593,38.3],[11.27187,44.53737,35.3],[11.27225,44.53789,35.4],[11.27227,44.53791,35.4],[11.27232,44.53798,35.4],[11.27249,44.5382,35.4],[11.27251,44.53823,35.4],[11.2728,44.53862,35.7],[11.27296,44.53885,35.9],[11.27305,44.53898,36.0],[11.27313,44.53909,35.9],[11.27315,44.53916,35.9],[11.27317,44.53918,35.9],[11.27322,44.53921,35.9],[11.27353,44.53909,35.9],[11.27357,44.53915,35.9],[11.27368,44.53912,35.9],[11.27446,44.54026,35.9],[11.27474,44.54065,36.4],[11.27562,44.54033,37.1],[11.27562,44.54033,37.1],[11.27572,44.54028,36.9],[11.27645,44.5414,37.2],[11.2769,44.54208,36.9],[11.2769,44.54209,36.9],[11.27777,44.54344,35.8],[11.27797,44.54373,35.7],[11.27791,44.54376,35.7],[11.27796,44.54382,35.6],[11.27788,44.54384,35.6],[11.27763,44.54391,35.8],[11.27751,44.54395,35.8],[11.27743,44.54397,35.9],[11.27743,44.54397,35.9],[11.27726,44.54417,35.7],[11.27724,44.5442,35.6],[11.27721,44.54424,35.5],[11.27762,44.54496,32.3],[11.27815,44.54588,32.0],[11.27806,44.54591,32.1],[11.27806,44.54591,32.1],[11.27808,44.54594,32.1],[11.2772,44.54623,31.5],[11.27696,44.54631,30.9],[11.27695,44.54631,30.9],[11.27779,44.54774,32.0],[11.27883,44.54742,29.2],[11.27855,44.54699,30.4],[11.27871,44.54694,30.1],[11.27932,44.54673,28.8],[11.28022,44.54642,28.4],[11.28025,44.54646,28.5],[11.28035,44.54643,28.6],[11.28102,44.54747,32.5],[11.28107,44.54755,32.5],[11.2813,44.5479,31.6],[11.28171,44.54851,29.8],[11.28179,44.54845,30.0],[11.282,44.5483,31.0],[11.28216,44.54818,31.9],[11.28235,44.54804,33.2],[11.28243,44.54797,33.6],[11.2825,44.54791,33.8],[11.28262,44.54781,33.7],[11.28268,44.54775,33.6],[11.28271,44.54772,33.5],[11.28288,44.54757,33.1],[11.28287,44.54751,33.0],[11.28286,44.54745,32.9],[11.28285,44.54739,32.8],[11.28277,44.54694,32.8],[11.28282,44.54691,32.8],[11.28337,44.54659,32.8],[11.28386,44.54633,32.5],[11.28391,44.54631,32.5],[11.28525,44.54557,31.7],[11.28529,44.54553,31.7],[11.28549,44.54532,31.6],[11.28664,44.54471,32.5],[11.28672,44.54465,32.4],[11.2895,44.54248,31.4],[11.28955,44.54244,31.2],[11.2905,44.54142,28.4],[11.29136,44.54054,30.0],[11.29169,44.54021,30.0],[11.29295,44.539,30.2],[11.29293,44.53897,30.4],[11.29276,44.5387,32.0],[11.2927,44.5386,32.5],[11.29268,44.53858,32.6],[11.29264,44.53852,32.9],[11.29075,44.53557,34.4],[11.29668,44.53445,34.5],[11.29684,44.53442,34.4],[11.29701,44.53438,34.3],[11.29792,44.53419,33.2],[11.29851,44.53406,33.0],[11.2993,44.53386,34.7],[11.30032,44.53365,37.7],[11.30049,44.53362,38.4],[11.30049,44.53362,38.4],[11.30054,44.53361,38.7],[11.30055,44.5336,38.7],[11.30096,44.53353,40.4],[11.30125,44.53344,40.0],[11.30169,44.53333,38.5],[11.30176,44.53331,38.3],[11.30256,44.53308,33.6],[11.30353,44.5328,28.3],[11.30479,44.53242,24.9],[11.3057,44.53162,29.3],[11.30607,44.53129,31.4],[11.30633,44.53106,32.4],[11.30633,44.53106,32.4],[11.30648,44.53092,33.0],[11.30648,44.53092,33.0],[11.30649,44.53091,33.1],[11.30661,44.53081,33.6],[11.30708,44.53038,34.4],[11.30752,44.53,34.1],[11.30765,44.52989,33.9],[11.30765,44.52989,33.9],[11.30797,44.5296,33.6],[11.30801,44.52957,33.6],[11.30796,44.52953,33.6],[11.30794,44.5295,33.6],[11.30791,44.52947,33.6],[11.30788,44.52944,33.6],[11.30786,44.52942,33.6],[11.30785,44.52939,33.6],[11.30785,44.52934,33.6],[11.30783,44.52929,33.6],[11.30781,44.52925,33.5],[11.30782,44.52919,33.5],[11.30783,44.52911,33.5],[11.30784,44.52908,33.5],[11.30784,44.52905,33.4],[11.30783,44.529,33.4],[11.30784,44.52896,33.3],[11.30784,44.52891,33.3],[11.30786,44.52886,33.3],[11.30786,44.52882,33.2],[11.30787,44.52878,33.2],[11.30787,44.52875,33.1],[11.30787,44.52871,33.1],[11.30787,44.52868,33.0],[11.30787,44.52864,33.0],[11.30785,44.52858,32.8],[11.30785,44.52855,32.8],[11.30785,44.52852,32.7],[11.30784,44.52848,32.6],[11.30784,44.52845,32.6],[11.30784,44.52839,32.5],[11.30784,44.52836,32.5],[11.30783,44.52831,32.4],[11.30783,44.52828,32.4],[11.30782,44.52824,32.3],[11.30782,44.52821,32.3],[11.30782,44.52817,32.3],[11.30782,44.52814,32.3],[11.30781,44.5281,32.2],[11.3078,44.52806,32.2],[11.30779,44.52802,32.1],[11.30778,44.52798,32.1],[11.30777,44.52794,32.0],[11.30777,44.52791,32.0],[11.30776,44.52788,32.0],[11.30775,44.52783,31.9],[11.30774,44.52779,31.8],[11.30774,44.52775,31.8],[11.30772,44.52771,31.7],[11.30771,44.52769,31.7],[11.30769,44.52764,31.6],[11.30767,44.5276,31.6],[11.30767,44.52757,31.5],[11.30766,44.52751,31.5],[11.30766,44.52748,31.5],[11.30765,44.52744,31.5],[11.30763,44.52741,31.4],[11.3076,44.52737,31.4],[11.3076,44.52734,31.4],[11.3076,44.52731,31.4],[11.30759,44.52728,31.4],[11.30758,44.52721,31.5],[11.30756,44.52717,31.5],[11.30756,44.52713,31.5],[11.30754,44.52709,31.5],[11.30753,44.52706,31.5],[11.30754,44.52701,31.7],[11.30751,44.52698,31.6],[11.30746,44.52694,31.6],[11.30742,44.52691,31.6],[11.30738,44.5269,31.5],[11.30734,44.5269,31.4],[11.3073,44.52689,31.3],[11.30725,44.52688,31.3],[11.3072,44.52686,31.3],[11.30717,44.52684,31.3],[11.30715,44.5268,31.3],[11.30717,44.52677,31.4],[11.30721,44.52676,31.4],[11.30728,44.52678,31.5],[11.30732,44.5268,31.5],[11.30737,44.52681,31.6],[11.30738,44.52676,31.8],[11.30739,44.52671,32.0],[11.30738,44.52667,32.1],[11.30739,44.52664,32.2],[11.30739,44.5266,32.4],[11.30739,44.52656,32.5],[11.30738,44.52651,32.7],[11.30738,44.52648,32.8],[11.30737,44.52645,32.9],[11.30736,44.52641,33.0],[11.30735,44.52638,33.1],[11.30734,44.52633,33.3],[11.30734,44.52627,33.5],[11.30732,44.52623,33.6],[11.30728,44.52619,33.5],[11.30724,44.52615,33.6],[11.30723,44.5261,33.8],[11.3072,44.52601,34.1],[11.30718,44.52597,34.2],[11.30714,44.52592,34.3],[11.30712,44.52589,34.3],[11.3071,44.52586,34.4],[11.30709,44.52583,34.5],[11.30707,44.5258,34.5],[11.30706,44.52578,34.5],[11.30704,44.52574,34.6],[11.30702,44.52571,34.6],[11.30699,44.52567,34.7],[11.30698,44.52562,34.8],[11.30698,44.52557,34.9],[11.30698,44.52554,35.0],[11.30698,44.5255,35.1],[11.30694,44.52541,35.3],[11.30691,44.52535,35.4],[11.30686,44.52526,35.5],[11.30683,44.52522,35.5],[11.30682,44.5252,35.6],[11.30681,44.52517,35.6],[11.30678,44.52513,35.6],[11.3067,44.52501,35.7],[11.30661,44.52489,35.6],[11.30653,44.52477,35.5],[11.30647,44.52468,35.4],[11.30645,44.52465,35.4],[11.30639,44.52459,35.3],[11.30634,44.52454,35.3],[11.30631,44.52451,35.2],[11.30626,44.52448,35.2],[11.30608,44.52439,35.0],[11.30593,44.52431,34.7],[11.30583,44.52424,34.5],[11.30571,44.52417,34.2],[11.30559,44.5241,33.8],[11.30549,44.52406,33.6],[11.30534,44.52401,33.2],[11.30523,44.52398,33.0],[11.30519,44.52397,32.9],[11.30526,44.52402,33.0],[11.30535,44.52405,33.2],[11.30541,44.52408,33.3],[11.30546,44.52408,33.5],[11.3055,44.52409,33.6],[11.30552,44.52412,33.6],[11.30552,44.52416,33.7],[11.30553,44.5242,33.7],[11.30551,44.52422,33.7],[11.30549,44.52424,33.6],[11.30545,44.52422,33.5],[11.30538,44.52416,33.2],[11.30526,44.52411,32.9],[11.30518,44.52407,32.7],[11.30504,44.52403,32.5],[11.30492,44.524,32.5],[11.30482,44.52399,32.4],[11.30474,44.52399,32.3],[11.30464,44.52399,32.2],[11.30456,44.52397,32.2],[11.30429,44.52392,32.0],[11.30405,44.52388,32.0],[11.30399,44.52387,32.0],[11.30393,44.52384,32.1],[11.30386,44.5238,32.2],[11.30381,44.5238,32.2],[11.30353,44.52377,32.6],[11.30341,44.52376,33.0],[11.30331,44.52376,33.4],[11.30312,44.5237,34.0],[11.30297,44.52379,34.8],[11.3029,44.52386,35.2],[11.3027,44.52378,35.7],[11.30246,44.52368,35.9],[11.3024,44.52369,36.0],[11.30235,44.52372,36.3],[11.30216,44.52353,35.5],[11.30213,44.5235,35.4],[11.302,44.52336,34.8],[11.30206,44.52334,34.8],[11.30213,44.52333,34.7],[11.3022,44.52333,34.7],[11.30225,44.52331,34.7],[11.30228,44.52331,34.7],[11.30233,44.52332,34.7],[11.30237,44.5233,34.7],[11.30217,44.52302,34.5],[11.30199,44.52296,34.3],[11.30194,44.52292,34.3],[11.30189,44.52288,34.2],[11.30182,44.52283,34.0],[11.3017,44.52278,33.7],[11.30149,44.52247,33.0],[11.30115,44.52217,32.6],[11.30097,44.52196,32.4],[11.30075,44.52147,32.7],[11.30071,44.52135,32.9],[11.30069,44.52129,33.0],[11.30076,44.52126,32.9],[11.30069,44.52117,33.2],[11.30057,44.52101,33.7],[11.30055,44.52092,33.8],[11.30052,44.52082,34.0],[11.3005,44.52074,34.1],[11.30047,44.52064,34.2],[11.30047,44.5206,34.3],[11.30051,44.52051,34.4],[11.30051,44.52048,34.5],[11.30034,44.51973,35.0],[11.30034,44.51958,35.1],[11.30028,44.51906,34.5],[11.30027,44.519,34.4],[11.30026,44.51891,34.3],[11.30019,44.51872,34.2],[11.30011,44.51853,34.0],[11.30004,44.51837,33.7],[11.29998,44.51823,33.5],[11.29993,44.51812,33.5],[11.29991,44.51809,33.4],[11.2999,44.51806,33.5],[11.2998,44.51791,33.6],[11.29972,44.51791,33.2],[11.29946,44.51777,32.7],[11.29941,44.51774,32.6],[11.29938,44.51772,32.5],[11.29812,44.51664,37.7],[11.29787,44.51642,38.8],[11.29837,44.51627,38.0],[11.29877,44.51615,38.6],[11.29937,44.51599,40.1],[11.30025,44.51575,41.7],[11.30035,44.51572,41.9],[11.30166,44.51538,44.4],[11.30207,44.51527,44.9],[11.30236,44.51519,45.4],[11.30336,44.51493,44.9],[11.30376,44.51483,44.4],[11.30418,44.51472,44.0],[11.30455,44.51463,43.6],[11.30505,44.5145,43.0],[11.30548,44.51439,42.6],[11.30588,44.51429,42.5],[11.30624,44.5142,42.8],[11.30669,44.51408,43.5],[11.30675,44.51407,43.5],[11.30715,44.51397,43.7],[11.30724,44.51394,43.7],[11.30753,44.51387,43.7],[11.3079,44.51378,43.9],[11.30826,44.51368,43.9],[11.30869,44.51357,43.6],[11.30909,44.51347,43.4],[11.30945,44.51338,43.3],[11.30987,44.51327,43.0],[11.31023,44.51318,43.2],[11.31068,44.51306,44.0],[11.31106,44.51296,44.1],[11.31085,44.51164,45.3],[11.31085,44.5115,45.5],[11.31083,44.51134,45.5],[11.31082,44.51116,45.4],[11.31086,44.51115,45.4],[11.31115,44.51117,45.0],[11.31128,44.51117,44.7],[11.31199,44.51117,42.6],[11.31209,44.51117,42.2],[11.31216,44.51114,41.9],[11.31226,44.51114,41.4],[11.31235,44.51109,41.0],[11.31255,44.51101,40.4],[11.31247,44.51086,40.5],[11.31211,44.5109,41.7],[11.31199,44.51078,42.0],[11.31184,44.51061,42.1],[11.31178,44.51053,42.2],[11.31172,44.51044,42.2],[11.31156,44.51015,41.9],[11.31083,44.50874,42.9],[11.31059,44.50823,43.3],[11.31056,44.50816,43.2],[11.31057,44.50809,43.1],[11.3106,44.50804,42.9],[11.31057,44.50802,43.0],[11.31055,44.508,42.9],[11.31053,44.50797,42.9],[11.31051,44.50795,42.9],[11.31087,44.50785,42.3],[11.31065,44.50764,42.1],[11.31051,44.50755,42.2],[11.31038,44.50742,42.3],[11.31027,44.50733,42.5],[11.31019,44.50719,42.7],[11.31011,44.50708,42.9],[11.30995,44.50679,43.3],[11.30968,44.50629,43.1],[11.3093,44.50557,43.2],[11.30924,44.50546,43.5],[11.30898,44.50506,44.6],[11.30886,44.50487,44.9],[11.30876,44.50472,45.1],[11.30873,44.50466,45.2],[11.3087,44.5046,45.2],[11.30868,44.50456,45.2],[11.30866,44.50451,45.2],[11.30864,44.50444,45.2],[11.30862,44.50437,45.2],[11.3086,44.5043,45.2],[11.30854,44.50406,45.2],[11.30852,44.50397,45.3],[11.30849,44.50389,45.5],[11.30845,44.50383,45.6],[11.30826,44.50355,46.0],[11.30798,44.50316,45.8],[11.30757,44.50258,45.4],[11.30752,44.50252,45.6],[11.3074,44.50241,46.0],[11.30732,44.50237,46.3],[11.30705,44.50214,47.3],[11.30688,44.502,47.7],[11.30677,44.50191,47.8],[11.30662,44.50179,47.6],[11.30647,44.50167,47.3],[11.30623,44.50147,46.7],[11.30598,44.50126,46.3],[11.3059,44.5012,46.3],[11.30582,44.50114,46.3],[11.3059,44.50108,46.2],[11.30624,44.50081,46.4],[11.30631,44.50043,46.6],[11.30633,44.50018,46.8],[11.3063,44.50006,46.8],[11.30621,44.49993,46.8],[11.30615,44.49986,46.9],[11.30641,44.49975,46.7],[11.30675,44.49964,46.5],[11.3069,44.49958,46.3],[11.30772,44.49936,46.4],[11.30884,44.49905,47.5],[11.3096,44.49885,47.7],[11.30979,44.4988,47.6],[11.31083,44.49851,48.1],[11.31184,44.49824,47.7],[11.31168,44.49803,47.5],[11.31128,44.49689,50.2],[11.31094,44.49597,53.1],[11.31091,44.49592,53.2],[11.31086,44.49589,53.3],[11.31072,44.49585,53.4],[11.31067,44.49583,53.4],[11.31062,44.49579,53.5],[11.3106,44.49575,53.6],[11.31059,44.49569,53.7],[11.3106,44.49561,54.0],[11.31045,44.49559,54.0],[11.3099,44.49548,54.4],[11.30924,44.49534,54.8],[11.30896,44.49529,54.2],[11.30867,44.49515,53.5],[11.3079,44.49478,52.0],[11.30754,44.49459,51.7],[11.3072,44.49443,53.0],[11.30687,44.49432,53.9],[11.30626,44.4941,53.4],[11.30576,44.49392,52.6],[11.30448,44.49346,52.0],[11.30346,44.49308,55.5],[11.30182,44.4925,57.4],[11.30226,44.49235,58.3],[11.30218,44.49215,58.4],[11.30187,44.49132,57.8],[11.30182,44.49116,57.8],[11.30177,44.49103,58.0],[11.30169,44.49091,58.2],[11.30159,44.49081,58.5],[11.3012,44.49052,59.7],[11.30077,44.4902,60.0],[11.30036,44.4899,60.7],[11.30032,44.48988,60.8],[11.29978,44.48957,63.1],[11.29951,44.48944,64.0],[11.29932,44.48934,64.4],[11.29904,44.48921,65.1],[11.29893,44.48915,65.5],[11.29857,44.48902,66.0],[11.29806,44.48884,66.5],[11.2979,44.48879,66.4],[11.29739,44.48861,65.6],[11.29708,44.4885,64.8],[11.29667,44.48836,64.6],[11.29592,44.48811,67.0],[11.29569,44.48804,67.6],[11.29503,44.4878,69.6],[11.29502,44.48785,69.4],[11.29501,44.4879,69.2],[11.29495,44.48823,67.6],[11.29486,44.48867,64.5],[11.29485,44.48868,64.4],[11.29485,44.48871,64.2],[11.29484,44.48872,64.1],[11.29484,44.48872,64.1],[11.29484,44.48877,63.7],[11.29482,44.48883,63.3],[11.29473,44.48932,58.7],[11.29467,44.4896,56.6],[11.29467,44.4896,56.6],[11.29464,44.48979,55.8],[11.29463,44.4898,55.8],[11.29463,44.4898,55.8],[11.29462,44.4898,55.8],[11.29462,44.4898,55.8],[11.29462,44.4898,55.8],[11.29461,44.4898,55.8],[11.2946,44.4898,55.8],[11.29395,44.48967,57.5],[11.29395,44.48967,57.5],[11.29366,44.48961,58.5],[11.29331,44.48954,59.3],[11.29293,44.48946,59.9],[11.2927,44.48941,60.2],[11.29255,44.48938,60.3],[11.29227,44.48932,60.6],[11.29215,44.48929,60.7],[11.29197,44.48925,60.8],[11.29156,44.48915,61.3],[11.29121,44.48908,61.9],[11.29084,44.489,62.5],[11.29053,44.48895,62.7],[11.29047,44.48894,62.7],[11.2903,44.4889,62.4],[11.29021,44.48889,62.0],[11.29007,44.48886,61.2]]]]}},{"type":"Feature","properties":{"cod_quar":12,"quartiere":"Navile","bbox":[11.29787,44.50407,11.39442,44.55621]},"geometry":{"type":"MultiPolygon","coordinates":[[[[11.34534,44.50583,43.3],[11.34514,44.50585,43.3],[11.34488,44.50588,43.4],[11.34452,44.50593,43.5],[11.34338,44.50608,45.0],[11.34185,44.50628,43.0],[11.34046,44.50646,43.6],[11.33983,44.50655,43.3],[11.33875,44.50669,42.5],[11.3383,44.50675,42.1],[11.33806,44.50679,41.9],[11.33783,44.50682,41.8],[11.33769,44.50683,41.6],[11.33671,44.50694,40.6],[11.3354,44.5071,41.0],[11.33499,44.50714,41.1],[11.33476,44.50716,41.2],[11.33421,44.50722,41.5],[11.33357,44.50729,41.8],[11.3332,44.50734,41.9],[11.33271,44.5074,41.6],[11.33236,44.50745,41.2],[11.33195,44.50751,40.4],[11.33146,44.50757,40.1],[11.33014,44.50776,42.2],[11.32999,44.50778,42.3],[11.32988,44.50779,42.4],[11.32944,44.50785,42.4],[11.3291,44.5079,42.4],[11.32892,44.50793,42.3],[11.32876,44.50796,42.3],[11.32861,44.50799,42.2],[11.32839,44.50804,42.1],[11.32823,44.50808,41.9],[11.32809,44.50812,41.7],[11.3279,44.50817,41.5],[11.3276,44.50827,41.2],[11.32725,44.50839,40.8],[11.32703,44.50847,40.5],[11.32689,44.50852,40.3],[11.3266,44.50861,40.0],[11.32637,44.5087,40.0],[11.32619,44.50876,40.1],[11.32598,44.50883,40.3],[11.32581,44.50889,40.2],[11.32556,44.50898,39.9],[11.32535,44.50905,39.5],[11.32519,44.5091,39.2],[11.32497,44.50918,38.9],[11.32474,44.50925,38.8],[11.3246,44.5093,38.8],[11.32441,44.50936,38.9],[11.3242,44.50942,38.9],[11.324,44.50949,38.8],[11.32378,44.50955,38.7],[11.32356,44.50962,38.7],[11.32334,44.50969,38.7],[11.32314,44.50975,38.8],[11.32292,44.50982,38.8],[11.32272,44.50988,38.9],[11.32252,44.50994,39.0],[11.32231,44.51001,39.2],[11.32218,44.51005,39.3],[11.32199,44.51011,39.5],[11.32185,44.51015,39.6],[11.32166,44.51021,39.8],[11.32146,44.51027,40.2],[11.32123,44.51034,40.7],[11.32096,44.51042,41.2],[11.32076,44.51048,41.3],[11.32056,44.51053,41.0],[11.32035,44.51059,40.6],[11.32012,44.51064,40.2],[11.31991,44.5107,39.9],[11.31966,44.51076,39.6],[11.31944,44.51082,39.4],[11.31915,44.51089,39.2],[11.31894,44.51095,39.1],[11.3187,44.51101,39.1],[11.31847,44.51107,39.0],[11.31829,44.51112,39.0],[11.31814,44.51115,39.0],[11.31775,44.51125,38.8],[11.31756,44.5113,38.8],[11.31704,44.51143,39.4],[11.3167,44.51152,39.8],[11.31631,44.51162,39.8],[11.316,44.5117,39.6],[11.3156,44.5118,39.8],[11.31521,44.5119,40.0],[11.31486,44.51199,40.1],[11.31448,44.51209,40.0],[11.31415,44.51217,39.8],[11.31377,44.51227,39.8],[11.31338,44.51237,39.9],[11.31298,44.51247,39.9],[11.31256,44.51258,40.2],[11.31204,44.51271,41.8],[11.31162,44.51282,43.1],[11.31134,44.51289,43.7],[11.31106,44.51296,44.1],[11.31068,44.51306,44.0],[11.31023,44.51318,43.2],[11.30987,44.51327,43.0],[11.30945,44.51338,43.3],[11.30909,44.51347,43.4],[11.30869,44.51357,43.6],[11.30826,44.51368,43.9],[11.3079,44.51378,43.9],[11.30753,44.51387,43.7],[11.30724,44.51394,43.7],[11.30715,44.51397,43.7],[11.30675,44.51407,43.5],[11.30669,44.51408,43.5],[11.30624,44.5142,42.8],[11.30588,44.51429,42.5],[11.30548,44.51439,42.6],[11.30505,44.5145,43.0],[11.30455,44.51463,43.6],[11.30418,44.51472,44.0],[11.30376,44.51483,44.4],[11.30336,44.51493,44.9],[11.30236,44.51519,45.4],[11.30207,44.51527,44.9],[11.30166,44.51538,44.4],[11.30035,44.51572,41.9],[11.30025,44.51575,41.7],[11.29937,44.51599,40.1],[11.29877,44.51615,38.6],[11.29837,44.51627,38.0],[11.29787,44.51642,38.8],[11.29812,44.51664,37.7],[11.29938,44.51772,32.5],[11.29941,44.51774,32.6],[11.29946,44.51777,32.7],[11.29972,44.51791,33.2],[11.2998,44.51791,33.6],[11.2999,44.51806,33.5],[11.29991,44.51809,33.4],[11.29993,44.51812,33.5],[11.29998,44.51823,33.5],[11.30004,44.51837,33.7],[11.30011,44.51853,34.0],[11.30019,44.51872,34.2],[11.30026,44.51891,34.3],[11.30027,44.519,34.4],[11.30028,44.51906,34.5],[11.30034,44.51958,35.1],[11.30034,44.51973,35.0],[11.30051,44.52048,34.5],[11.30051,44.52051,34.4],[11.30047,44.5206,34.3],[11.30047,44.52064,34.2],[11.3005,44.52074,34.1],[11.30052,44.52082,34.0],[11.30055,44.52092,33.8],[11.30057,44.52101,33.7],[11.30069,44.52117,33.2],[11.30076,44.52126,32.9],[11.30069,44.52129,33.0],[11.30071,44.52135,32.9],[11.30075,44.52147,32.7],[11.30097,44.52196,32.4],[11.30115,44.52217,32.6],[11.30149,44.52247,33.0],[11.3017,44.52278,33.7],[11.30182,44.52283,34.0],[11.30189,44.52288,34.2],[11.30194,44.52292,34.3],[11.30199,44.52296,34.3],[11.30217,44.52302,34.5],[11.30237,44.5233,34.7],[11.30233,44.52332,34.7],[11.30228,44.52331,34.7],[11.30225,44.52331,34.7],[11.3022,44.52333,34.7],[11.30213,44.52333,34.7],[11.30206,44.52334,34.8],[11.302,44.52336,34.8],[11.30213,44.5235,35.4],[11.30216,44.52353,35.5],[11.30235,44.52372,36.3],[11.3024,44.52369,36.0],[11.30246,44.52368,35.9],[11.3027,44.52378,35.7],[11.3029,44.52386,35.2],[11.30297,44.52379,34.8],[11.30312,44.5237,34.0],[11.30331,44.52376,33.4],[11.30341,44.52376,33.0],[11.30353,44.52377,32.6],[11.30381,44.5238,32.2],[11.30386,44.5238,32.2],[11.30393,44.52384,32.1],[11.30399,44.52387,32.0],[11.30405,44.52388,32.0],[11.30429,44.52392,32.0],[11.30456,44.52397,32.2],[11.30464,44.52399,32.2],[11.30474,44.52399,32.3],[11.30482,44.52399,32.4],[11.30492,44.524,32.5],[11.30504,44.52403,32.5],[11.30518,44.52407,32.7],[11.30526,44.52411,32.9],[11.30538,44.52416,33.2],[11.30545,44.52422,33.5],[11.30549,44.52424,33.6],[11.30551,44.52422,33.7],[11.30553,44.5242,33.7],[11.30552,44.52416,33.7],[11.30552,44.52412,33.6],[11.3055,44.52409,33.6],[11.30546,44.52408,33.5],[11.30541,44.52408,33.3],[11.30535,44.52405,33.2],[11.30526,44.52402,33.0],[11.30519,44.52397,32.9],[11.30523,44.52398,33.0],[11.30534,44.52401,33.2],[11.30549,44.52406,33.6],[11.30559,44.5241,33.8],[11.30571,44.52417,34.2],[11.30583,44.52424,34.5],[11.30593,44.52431,34.7],[11.30608,44.52439,35.0],[11.30626,44.52448,35.2],[11.30631,44.52451,35.2],[11.30634,44.52454,35.3],[11.30639,44.52459,35.3],[11.30645,44.52465,35.4],[11.30647,44.52468,35.4],[11.30653,44.52477,35.5],[11.30661,44.52489,35.6],[11.3067,44.52501,35.7],[11.30678,44.52513,35.6],[11.30681,44.52517,35.6],[11.30682,44.5252,35.6],[11.30683,44.52522,35.5],[11.30686,44.52526,35.5],[11.30691,44.52535,35.4],[11.30694,44.52541,35.3],[11.30698,44.5255,35.1],[11.30698,44.52554,35.0],[11.30698,44.52557,34.9],[11.30698,44.52562,34.8],[11.30699,44.52567,34.7],[11.30702,44.52571,34.6],[11.30704,44.52574,34.6],[11.30706,44.52578,34.5],[11.30707,44.5258,34.5],[11.30709,44.52583,34.5],[11.3071,44.52586,34.4],[11.30712,44.52589,34.3],[11.30714,44.52592,34.3],[11.30718,44.52597,34.2],[11.3072,44.52601,34.1],[11.30723,44.5261,33.8],[11.30724,44.52615,33.6],[11.30728,44.52619,33.5],[11.30732,44.52623,33.6],[11.30734,44.52627,33.5],[11.30734,44.52633,33.3],[11.30735,44.52638,33.1],[11.30736,44.52641,33.0],[11.30737,44.52645,32.9],[11.30738,44.52648,32.8],[11.30738,44.52651,32.7],[11.30739,44.52656,32.5],[11.30739,44.5266,32.4],[11.30739,44.52664,32.2],[11.30738,44.52667,32.1],[11.30739,44.52671,32.0],[11.30738,44.52676,31.8],[11.30737,44.52681,31.6],[11.30732,44.5268,31.5],[11.30728,44.52678,31.5],[11.30721,44.52676,31.4],[11.30717,44.52677,31.4],[11.30715,44.5268,31.3],[11.30717,44.52684,31.3],[11.3072,44.52686,31.3],[11.30725,44.52688,31.3],[11.3073,44.52689,31.3],[11.30734,44.5269,31.4],[11.30738,44.5269,31.5],[11.30742,44.52691,31.6],[11.30746,44.52694,31.6],[11.30751,44.52698,31.6],[11.30754,44.52701,31.7],[11.30753,44.52706,31.5],[11.30754,44.52709,31.5],[11.30756,44.52713,31.5],[11.30756,44.52717,31.5],[11.30758,44.52721,31.5],[11.30759,44.52728,31.4],[11.3076,44.52731,31.4],[11.3076,44.52734,31.4],[11.3076,44.52737,31.4],[11.30763,44.52741,31.4],[11.30765,44.52744,31.5],[11.30766,44.52748,31.5],[11.30766,44.52751,31.5],[11.30767,44.52757,31.5],[11.30767,44.5276,31.6],[11.30769,44.52764,31.6],[11.30771,44.52769,31.7],[11.30772,44.52771,31.7],[11.30774,44.52775,31.8],[11.30774,44.52779,31.8],[11.30775,44.52783,31.9],[11.30776,44.52788,32.0],[11.30777,44.52791,32.0],[11.30777,44.52794,32.0],[11.30778,44.52798,32.1],[11.30779,44.52802,32.1],[11.3078,44.52806,32.2],[11.30781,44.5281,32.2],[11.30782,44.52814,32.3],[11.30782,44.52817,32.3],[11.30782,44.52821,32.3],[11.30782,44.52824,32.3],[11.30783,44.52828,32.4],[11.30783,44.52831,32.4],[11.30784,44.52836,32.5],[11.30784,44.52839,32.5],[11.30784,44.52845,32.6],[11.30784,44.52848,32.6],[11.30785,44.52852,32.7],[11.30785,44.52855,32.8],[11.30785,44.52858,32.8],[11.30787,44.52864,33.0],[11.30787,44.52868,33.0],[11.30787,44.52871,33.1],[11.30787,44.52875,33.1],[11.30787,44.52878,33.2],[11.30786,44.52882,33.2],[11.30786,44.52886,33.3],[11.30784,44.52891,33.3],[11.30784,44.52896,33.3],[11.30783,44.529,33.4],[11.30784,44.52905,33.4],[11.30784,44.52908,33.5],[11.30783,44.52911,33.5],[11.30782,44.52919,33.5],[11.30781,44.52925,33.5],[11.30783,44.52929,33.6],[11.30785,44.52934,33.6],[11.30785,44.52939,33.6],[11.30786,44.52942,33.6],[11.30788,44.52944,33.6],[11.30791,44.52947,33.6],[11.30794,44.5295,33.6],[11.30796,44.52953,33.6],[11.30801,44.52957,33.6],[11.30826,44.52936,34.1],[11.30859,44.52907,34.9],[11.3086,44.52907,34.9],[11.30866,44.52902,35.0],[11.30892,44.52934,35.4],[11.30908,44.52951,35.9],[11.30931,44.52997,37.2],[11.3094,44.53045,36.9],[11.30942,44.53048,36.9],[11.30944,44.53057,36.7],[11.30949,44.53065,36.5],[11.30964,44.53123,35.4],[11.30957,44.53133,35.4],[11.30941,44.53151,35.2],[11.30916,44.53162,34.6],[11.30906,44.53174,34.1],[11.30902,44.53178,33.8],[11.3088,44.53202,32.4],[11.30857,44.53249,30.5],[11.30846,44.53281,30.2],[11.30831,44.53322,30.2],[11.30824,44.53339,30.3],[11.30818,44.53352,30.3],[11.30807,44.5338,30.4],[11.3078,44.53445,31.8],[11.30774,44.53462,32.0],[11.30769,44.53478,32.3],[11.30768,44.53485,32.4],[11.30764,44.53512,33.3],[11.30763,44.53533,33.8],[11.30771,44.53548,33.7],[11.30781,44.53563,33.4],[11.30802,44.53585,32.3],[11.30833,44.53609,31.0],[11.30869,44.53635,30.4],[11.30891,44.53667,30.5],[11.30904,44.5369,30.4],[11.30933,44.53744,30.5],[11.30951,44.53769,31.0],[11.30995,44.53829,31.9],[11.31013,44.53852,31.9],[11.31031,44.53875,31.8],[11.31054,44.53904,31.5],[11.31076,44.53924,31.4],[11.31092,44.53939,31.5],[11.31098,44.53942,31.5],[11.31144,44.53967,31.6],[11.31165,44.53979,31.3],[11.31184,44.54008,30.7],[11.31188,44.54014,30.6],[11.312,44.54026,30.3],[11.31268,44.54092,30.9],[11.31278,44.54103,31.1],[11.31279,44.54104,31.1],[11.31284,44.54111,31.1],[11.31285,44.54111,31.1],[11.31287,44.54113,31.1],[11.31304,44.54132,30.6],[11.31308,44.54137,30.4],[11.31311,44.54148,30.3],[11.31325,44.54195,31.2],[11.31339,44.54239,33.5],[11.31342,44.54247,34.0],[11.31352,44.54273,35.3],[11.31351,44.54304,36.7],[11.3135,44.54334,37.0],[11.3134,44.54439,34.2],[11.31338,44.54466,33.4],[11.31331,44.54484,32.9],[11.31327,44.54491,32.8],[11.31308,44.54511,32.3],[11.31304,44.54517,32.3],[11.31282,44.54539,32.0],[11.31244,44.54581,32.2],[11.31223,44.54608,32.8],[11.31218,44.54616,33.0],[11.31193,44.54657,33.7],[11.3118,44.54677,33.9],[11.3117,44.54699,34.0],[11.31155,44.54741,33.5],[11.31145,44.54765,32.4],[11.31127,44.54819,30.1],[11.31187,44.54799,30.6],[11.31366,44.54749,30.2],[11.31399,44.54734,31.2],[11.31496,44.54702,33.5],[11.31513,44.54697,33.7],[11.31556,44.54683,33.8],[11.3159,44.54673,33.5],[11.31612,44.54666,33.2],[11.31677,44.54643,32.0],[11.31802,44.54606,30.5],[11.31974,44.54553,30.1],[11.3205,44.54528,31.7],[11.32054,44.54527,31.8],[11.32054,44.54514,31.9],[11.32054,44.54507,31.9],[11.32054,44.54503,31.9],[11.3206,44.54503,32.1],[11.3206,44.54503,32.1],[11.32074,44.54514,32.4],[11.32074,44.54514,32.4],[11.32159,44.54578,32.8],[11.32209,44.54617,33.4],[11.3224,44.54639,34.0],[11.3224,44.54639,34.0],[11.32245,44.54642,34.1],[11.32255,44.54645,34.1],[11.32281,44.54653,33.9],[11.32323,44.54662,32.8],[11.32345,44.54669,32.2],[11.32366,44.54682,31.7],[11.32366,44.54682,31.7],[11.32378,44.54692,31.4],[11.32378,44.54692,31.4],[11.32391,44.54705,31.5],[11.32391,44.54705,31.5],[11.32398,44.54719,31.7],[11.32402,44.5473,31.8],[11.32417,44.5473,32.1],[11.32425,44.5473,32.2],[11.32432,44.5473,32.3],[11.32449,44.54729,32.6],[11.32469,44.54726,32.7],[11.32503,44.54722,32.9],[11.32503,44.54722,32.9],[11.32528,44.54717,32.6],[11.32552,44.54713,32.1],[11.32552,44.54713,32.1],[11.32557,44.54711,32.0],[11.32574,44.54707,31.7],[11.32597,44.54701,31.3],[11.32613,44.54697,31.2],[11.32635,44.54691,31.0],[11.32656,44.54685,30.8],[11.3267,44.54681,30.7],[11.32678,44.54679,30.7],[11.32687,44.54679,30.7],[11.32694,44.5468,30.6],[11.32694,44.5468,30.6],[11.327,44.54684,30.6],[11.327,44.54684,30.6],[11.32708,44.54692,30.5],[11.32708,44.54692,30.5],[11.32715,44.547,30.4],[11.32715,44.547,30.4],[11.32721,44.54704,30.3],[11.32731,44.54709,30.3],[11.32741,44.54712,30.2],[11.32751,44.54714,30.2],[11.32765,44.54716,30.1],[11.32802,44.54719,29.9],[11.3283,44.54722,29.8],[11.32865,44.54725,29.7],[11.32865,44.54726,29.7],[11.32868,44.54726,29.7],[11.32887,44.54728,29.8],[11.32888,44.54729,29.8],[11.3291,44.5473,29.8],[11.32944,44.54731,29.7],[11.32975,44.5473,29.5],[11.33007,44.5473,29.5],[11.33038,44.54731,29.7],[11.33041,44.54732,29.8],[11.33081,44.54734,30.3],[11.33123,44.54737,30.3],[11.3314,44.54737,30.2],[11.33149,44.54736,30.1],[11.33158,44.54734,30.1],[11.33168,44.5473,30.1],[11.33184,44.54723,30.1],[11.332,44.54717,30.1],[11.33212,44.54713,30.1],[11.33233,44.54708,30.2],[11.33246,44.54706,30.3],[11.33267,44.54702,30.5],[11.33283,44.54699,30.7],[11.33294,44.54696,30.8],[11.33306,44.54693,30.7],[11.33318,44.54689,30.6],[11.33335,44.54683,30.4],[11.33359,44.54674,30.1],[11.33372,44.54669,30.0],[11.3338,44.54667,30.0],[11.3339,44.54664,30.0],[11.33419,44.54659,30.0],[11.33449,44.54652,30.1],[11.3345,44.54652,30.1],[11.33498,44.54642,29.9],[11.33498,44.54642,29.9],[11.33494,44.54638,30.0],[11.33474,44.54613,30.5],[11.33472,44.54611,30.5],[11.33472,44.54611,30.5],[11.33427,44.54558,29.7],[11.33427,44.54558,29.7],[11.33427,44.54558,29.7],[11.33396,44.5452,28.0],[11.33396,44.5452,28.0],[11.33375,44.54496,27.3],[11.33375,44.54496,27.3],[11.33343,44.5446,27.7],[11.33343,44.5446,27.7],[11.3331,44.54422,28.7],[11.3331,44.54422,28.7],[11.33374,44.54395,27.2],[11.33455,44.5436,29.0],[11.33514,44.54334,29.1],[11.33589,44.54301,29.8],[11.33589,44.54301,29.8],[11.33594,44.54299,29.9],[11.33595,44.54299,29.9],[11.33596,44.54298,30.0],[11.33603,44.54308,29.7],[11.33603,44.54308,29.7],[11.33619,44.54328,29.6],[11.33639,44.54349,30.0],[11.33639,44.54349,30.0],[11.33644,44.54356,30.2],[11.33647,44.54367,30.5],[11.33649,44.54379,30.7],[11.33652,44.54413,30.8],[11.33657,44.54459,29.9],[11.33661,44.54501,28.6],[11.33663,44.54521,28.0],[11.33665,44.54543,27.5],[11.33667,44.54572,27.3],[11.33669,44.54587,27.4],[11.33671,44.54599,27.6],[11.33675,44.54606,27.7],[11.33683,44.54618,28.0],[11.33699,44.54644,28.4],[11.33718,44.54674,28.5],[11.3373,44.54694,28.6],[11.33733,44.54699,28.6],[11.33736,44.54707,28.7],[11.33737,44.54717,28.7],[11.3374,44.5474,29.0],[11.33741,44.54759,29.3],[11.33744,44.54767,29.4],[11.3375,44.54777,29.7],[11.33754,44.54783,29.8],[11.33754,44.54783,29.8],[11.33763,44.54791,30.0],[11.33774,44.54797,30.2],[11.33783,44.54801,30.3],[11.33808,44.54808,30.3],[11.33819,44.54811,30.3],[11.33827,44.54814,30.4],[11.33835,44.54819,30.4],[11.33835,44.54819,30.4],[11.33841,44.54825,30.4],[11.33841,44.54825,30.4],[11.33852,44.54838,30.4],[11.3387,44.5486,30.3],[11.33877,44.54869,30.3],[11.33886,44.54879,30.3],[11.33894,44.54886,30.3],[11.33894,44.54886,30.3],[11.33908,44.54903,30.4],[11.33916,44.54913,30.5],[11.33921,44.54923,30.5],[11.33925,44.54932,30.4],[11.33928,44.54941,30.3],[11.33928,44.54952,30.2],[11.33927,44.54963,30.2],[11.33927,44.5497,30.1],[11.33928,44.54979,30.1],[11.33935,44.5499,30.1],[11.33953,44.55014,30.5],[11.33959,44.55019,30.6],[11.33959,44.55019,30.6],[11.33966,44.55024,30.8],[11.33973,44.55027,31.0],[11.33985,44.5503,31.3],[11.33999,44.55031,31.6],[11.34008,44.55033,31.7],[11.34012,44.55036,31.7],[11.34012,44.55036,31.7],[11.34012,44.55036,31.7],[11.34026,44.55057,32.0],[11.34033,44.55066,32.0],[11.34033,44.55066,32.0],[11.3404,44.55072,31.8],[11.3404,44.55072,31.8],[11.34051,44.55079,31.5],[11.34083,44.55094,30.5],[11.34097,44.55101,30.2],[11.34112,44.55109,29.8],[11.34134,44.55123,29.3],[11.34169,44.55149,28.9],[11.34169,44.55149,28.9],[11.34184,44.55159,28.8],[11.34184,44.55159,28.8],[11.34201,44.55169,28.7],[11.34224,44.55182,28.7],[11.34264,44.55203,29.0],[11.34296,44.55222,29.5],[11.34312,44.5523,29.6],[11.34331,44.5524,29.6],[11.34339,44.55244,29.5],[11.34339,44.55244,29.5],[11.34344,44.55248,29.5],[11.34344,44.55248,29.5],[11.34348,44.55255,29.4],[11.3436,44.55284,28.9],[11.34368,44.55299,28.6],[11.34386,44.55331,28.0],[11.34449,44.55313,27.1],[11.3445,44.55313,27.1],[11.3451,44.55296,27.8],[11.3456,44.55281,29.2],[11.34599,44.55269,29.9],[11.34677,44.55247,30.0],[11.34735,44.5523,30.6],[11.34789,44.55216,30.8],[11.34789,44.55216,30.8],[11.34795,44.55214,30.8],[11.34801,44.55214,30.8],[11.34807,44.55214,30.8],[11.34826,44.55211,30.8],[11.34827,44.55211,30.8],[11.34893,44.55215,31.7],[11.3497,44.55221,32.3],[11.35004,44.55221,32.2],[11.35037,44.5522,32.4],[11.35063,44.55217,32.6],[11.3507,44.55215,32.7],[11.35152,44.55203,33.3],[11.35152,44.55203,33.3],[11.35164,44.552,33.2],[11.35169,44.55199,33.1],[11.3518,44.55196,32.8],[11.35194,44.55189,32.2],[11.3524,44.55161,30.6],[11.3524,44.55161,30.6],[11.35261,44.55203,31.1],[11.35261,44.55203,31.1],[11.35285,44.55253,31.6],[11.35301,44.55285,31.6],[11.35314,44.55313,31.8],[11.35314,44.55313,31.8],[11.35317,44.55319,31.9],[11.35317,44.55319,31.9],[11.35323,44.55331,32.2],[11.35323,44.55331,32.2],[11.35326,44.55334,32.2],[11.35326,44.55335,32.3],[11.35327,44.55336,32.3],[11.35328,44.55338,32.4],[11.35419,44.55288,30.9],[11.3542,44.55288,30.9],[11.35441,44.55281,30.3],[11.35453,44.55276,29.8],[11.35454,44.55276,29.8],[11.35454,44.55276,29.8],[11.3547,44.5527,29.3],[11.35471,44.5527,29.3],[11.35488,44.55267,28.8],[11.35514,44.5526,28.3],[11.35514,44.5526,28.3],[11.3551,44.55249,28.3],[11.3551,44.55249,28.3],[11.3556,44.55236,28.4],[11.35669,44.55208,26.4],[11.3573,44.55192,25.1],[11.35731,44.55192,25.1],[11.35732,44.55192,25.1],[11.35733,44.55191,25.1],[11.35737,44.5519,25.1],[11.35737,44.5519,25.1],[11.35754,44.55205,25.7],[11.35767,44.55213,26.0],[11.35788,44.55223,26.1],[11.35833,44.55238,25.4],[11.35856,44.55248,24.9],[11.35877,44.5526,24.5],[11.35877,44.5526,24.5],[11.35897,44.55273,24.3],[11.35897,44.55273,24.3],[11.35909,44.55283,24.2],[11.35909,44.55283,24.2],[11.35909,44.55283,24.2],[11.35919,44.55293,24.2],[11.35926,44.55305,24.2],[11.35931,44.5531,24.3],[11.35928,44.55317,24.2],[11.35937,44.55332,24.3],[11.35949,44.55348,24.6],[11.35962,44.55364,24.9],[11.3597,44.55372,25.1],[11.3597,44.55372,25.1],[11.35987,44.55387,25.5],[11.35987,44.55387,25.5],[11.36003,44.55398,25.8],[11.36017,44.55405,26.0],[11.36033,44.5541,26.3],[11.36039,44.55412,26.3],[11.36061,44.55423,26.4],[11.36079,44.5543,26.5],[11.3611,44.55443,26.7],[11.3611,44.55443,26.7],[11.36122,44.55453,26.7],[11.36122,44.55453,26.7],[11.36128,44.55461,26.7],[11.36144,44.5548,26.7],[11.36156,44.55499,26.7],[11.36168,44.55519,26.6],[11.36173,44.55527,26.5],[11.3618,44.55534,26.4],[11.36188,44.55538,26.4],[11.36199,44.55542,26.3],[11.3621,44.55545,26.2],[11.36219,44.55546,26.2],[11.36229,44.55548,26.1],[11.36255,44.55551,26.1],[11.36274,44.55552,26.2],[11.36295,44.55555,26.2],[11.36303,44.55556,26.3],[11.36312,44.55558,26.3],[11.36324,44.55562,26.2],[11.36343,44.55573,26.1],[11.36373,44.55591,26.0],[11.36385,44.55597,25.9],[11.36396,44.55603,25.8],[11.36402,44.55607,25.7],[11.36424,44.55621,25.5],[11.36432,44.55618,25.5],[11.36433,44.55617,25.5],[11.36464,44.55607,25.9],[11.36552,44.55578,28.0],[11.3659,44.55565,28.9],[11.36595,44.55563,28.9],[11.366,44.55562,28.9],[11.36597,44.55556,28.7],[11.36593,44.55547,28.3],[11.36588,44.55537,27.9],[11.36538,44.55431,26.6],[11.36512,44.55377,26.6],[11.36461,44.55273,27.3],[11.36455,44.55261,27.5],[11.36455,44.55261,27.5],[11.36486,44.55256,27.5],[11.36505,44.55253,27.5],[11.36505,44.55253,27.5],[11.36535,44.55248,27.6],[11.366,44.55238,27.6],[11.36633,44.55233,27.4],[11.36769,44.55213,25.5],[11.36861,44.55199,24.7],[11.37061,44.55166,29.0],[11.37066,44.55165,29.3],[11.37069,44.55168,29.4],[11.3707,44.55169,29.4],[11.3707,44.55169,29.4],[11.3708,44.55176,29.6],[11.37087,44.55182,29.5],[11.37087,44.55182,29.5],[11.37099,44.55194,29.2],[11.37106,44.55205,28.8],[11.37106,44.55205,28.8],[11.37113,44.55222,28.1],[11.37122,44.55249,27.5],[11.3713,44.55273,27.7],[11.37131,44.55276,27.8],[11.37133,44.55281,27.9],[11.37135,44.55284,27.9],[11.37136,44.55284,28.0],[11.372,44.55265,29.0],[11.37201,44.55265,29.0],[11.37207,44.55263,29.2],[11.37212,44.55262,29.3],[11.37313,44.55236,30.7],[11.37339,44.55229,30.5],[11.37404,44.55212,29.9],[11.37409,44.55211,29.9],[11.37423,44.55207,29.8],[11.37428,44.55205,29.8],[11.37447,44.552,29.7],[11.37451,44.55199,29.7],[11.37452,44.55199,29.7],[11.37465,44.55195,29.7],[11.3752,44.55181,29.5],[11.3757,44.55168,29.4],[11.37588,44.55163,29.3],[11.37588,44.55163,29.3],[11.37624,44.55154,28.9],[11.37674,44.55141,28.2],[11.37692,44.55136,28.2],[11.37695,44.55132,28.3],[11.37681,44.55108,28.6],[11.37625,44.55015,28.1],[11.37625,44.55015,28.1],[11.37608,44.54986,27.6],[11.37671,44.54969,29.1],[11.37824,44.54926,29.3],[11.37824,44.54926,29.3],[11.37828,44.54925,29.3],[11.3783,44.54924,29.4],[11.37911,44.54901,29.2],[11.38013,44.54871,30.4],[11.38039,44.54864,31.4],[11.38087,44.5485,33.5],[11.38088,44.5485,33.5],[11.38094,44.54847,33.7],[11.38094,44.54847,33.7],[11.38094,44.54847,33.7],[11.38097,44.54843,33.7],[11.38098,44.54843,33.8],[11.38098,44.54842,33.8],[11.38104,44.54832,33.8],[11.38106,44.54829,33.8],[11.38112,44.54817,33.7],[11.38148,44.54807,34.0],[11.38267,44.54777,33.1],[11.38385,44.54746,30.4],[11.38454,44.54728,29.6],[11.38512,44.54713,29.1],[11.38577,44.54696,28.1],[11.38649,44.54677,27.9],[11.38708,44.54662,27.9],[11.38746,44.54652,27.6],[11.38802,44.54637,26.6],[11.38852,44.54623,26.2],[11.38926,44.54604,27.8],[11.39019,44.5458,27.1],[11.39091,44.54561,28.2],[11.39105,44.54557,28.5],[11.391,44.5455,28.6],[11.391,44.5455,28.6],[11.3909,44.5454,28.7],[11.3909,44.5454,28.7],[11.39064,44.54501,29.2],[11.39064,44.54501,29.2],[11.39049,44.54477,29.5],[11.39049,44.54477,29.5],[11.39016,44.54426,30.3],[11.39016,44.54426,30.3],[11.39005,44.5441,30.4],[11.39005,44.5441,30.4],[11.38986,44.5438,30.2],[11.38986,44.5438,30.2],[11.38958,44.54332,30.2],[11.38958,44.54332,30.2],[11.38947,44.54312,30.4],[11.38914,44.54256,30.6],[11.38896,44.54224,31.0],[11.38896,44.54224,31.0],[11.38885,44.54206,31.5],[11.38885,44.54206,31.5],[11.38867,44.54163,32.4],[11.38867,44.54163,32.4],[11.38863,44.54156,32.5],[11.38862,44.54154,32.5],[11.38863,44.54151,32.5],[11.38866,44.54149,32.5],[11.38886,44.5415,32.6],[11.38896,44.5415,32.6],[11.38909,44.54151,32.6],[11.38918,44.5415,32.6],[11.38929,44.54148,32.5],[11.3894,44.54146,32.3],[11.38953,44.54143,32.2],[11.38975,44.54137,31.8],[11.38993,44.54132,31.5],[11.39011,44.54162,31.1],[11.39041,44.54209,31.1],[11.39041,44.54209,31.1],[11.39044,44.54214,31.2],[11.39044,44.54214,31.2],[11.39078,44.5427,32.0],[11.39078,44.5427,32.0],[11.39081,44.54275,32.1],[11.39126,44.5426,31.7],[11.39206,44.54233,32.0],[11.39288,44.54205,32.4],[11.39364,44.5418,34.3],[11.39368,44.54179,34.3],[11.39381,44.54174,34.3],[11.39442,44.54154,33.7],[11.3944,44.5415,33.7],[11.39431,44.54128,33.5],[11.39415,44.54093,33.2],[11.394,44.5406,33.2],[11.39386,44.54029,33.7],[11.3936,44.5398,34.0],[11.3933,44.53928,33.4],[11.39313,44.53899,32.8],[11.3931,44.53895,32.8],[11.39302,44.53882,32.6],[11.39251,44.53809,32.8],[11.39215,44.53757,33.6],[11.39188,44.53719,34.2],[11.39155,44.53673,33.8],[11.39124,44.53635,33.2],[11.39118,44.53627,33.1],[11.39086,44.53586,32.2],[11.39076,44.53574,32.1],[11.38992,44.53468,34.5],[11.38947,44.53416,34.2],[11.38893,44.53352,34.3],[11.38862,44.53317,34.0],[11.38808,44.5326,34.5],[11.38789,44.5324,34.6],[11.38779,44.5323,34.6],[11.38759,44.53208,34.7],[11.38737,44.53189,34.9],[11.38689,44.53152,35.2],[11.38641,44.53117,35.2],[11.38592,44.53082,34.4],[11.38548,44.53052,34.2],[11.38516,44.53027,34.0],[11.38494,44.53011,33.6],[11.38483,44.53002,33.5],[11.38475,44.52992,33.4],[11.38466,44.52982,33.4],[11.38418,44.52918,35.1],[11.38404,44.52901,35.1],[11.38227,44.52741,35.2],[11.38128,44.52651,36.1],[11.38064,44.52597,36.5],[11.38046,44.52582,36.4],[11.37998,44.52543,35.9],[11.37953,44.52507,35.4],[11.37947,44.52502,35.4],[11.37912,44.52473,35.5],[11.37908,44.52469,35.6],[11.37906,44.52465,35.7],[11.37905,44.52462,35.7],[11.37903,44.52459,35.8],[11.37896,44.52458,35.8],[11.37891,44.52456,35.8],[11.37882,44.52451,35.9],[11.37875,44.52445,36.0],[11.37869,44.5244,36.0],[11.37855,44.52428,36.1],[11.37847,44.5242,36.1],[11.37821,44.52399,36.6],[11.37787,44.52372,37.4],[11.37764,44.52355,37.9],[11.37755,44.52349,38.0],[11.37746,44.52345,38.2],[11.3774,44.52343,38.3],[11.37734,44.52342,38.4],[11.37727,44.52342,38.5],[11.3772,44.52342,38.7],[11.37712,44.52342,38.8],[11.37703,44.52343,38.9],[11.37692,44.52344,39.0],[11.37686,44.52344,39.1],[11.37678,44.52344,39.1],[11.37667,44.52344,39.0],[11.37658,44.52344,38.9],[11.37649,44.52343,38.7],[11.37643,44.52343,38.6],[11.37637,44.52342,38.5],[11.37631,44.52342,38.3],[11.37623,44.52342,38.1],[11.37602,44.52339,37.7],[11.37591,44.52337,37.5],[11.37581,44.52334,37.4],[11.37569,44.52329,37.1],[11.37561,44.52325,37.0],[11.37554,44.52322,36.8],[11.37543,44.52316,36.6],[11.37503,44.52288,36.1],[11.37465,44.52262,36.5],[11.37462,44.5226,36.5],[11.3743,44.52244,37.3],[11.37421,44.52239,37.5],[11.37414,44.52234,37.7],[11.37409,44.52229,37.9],[11.37384,44.52194,39.0],[11.37375,44.52187,39.3],[11.37378,44.52184,39.3],[11.37381,44.5218,39.4],[11.37386,44.52172,39.5],[11.37394,44.52159,39.7],[11.37398,44.5215,39.9],[11.37402,44.52139,40.1],[11.37403,44.52129,40.3],[11.37402,44.5212,40.5],[11.374,44.52113,40.7],[11.37396,44.52105,40.9],[11.37392,44.52098,41.2],[11.37385,44.5209,41.4],[11.37243,44.51949,39.4],[11.37223,44.51931,39.3],[11.37209,44.51919,39.1],[11.37201,44.51911,39.0],[11.3719,44.519,38.8],[11.37185,44.51901,38.8],[11.37181,44.51905,38.8],[11.37169,44.51911,38.8],[11.37153,44.51919,38.7],[11.37129,44.5193,38.7],[11.3711,44.51939,38.6],[11.3708,44.51953,38.6],[11.37048,44.51969,38.5],[11.37023,44.51981,38.4],[11.36967,44.52008,37.9],[11.36875,44.52052,37.2],[11.36871,44.52054,37.2],[11.3681,44.52083,36.8],[11.36741,44.52116,36.7],[11.36735,44.52119,36.8],[11.36698,44.52136,37.5],[11.36655,44.52157,38.2],[11.36651,44.52159,38.2],[11.36545,44.5221,39.0],[11.36432,44.52264,38.5],[11.3639,44.52283,37.4],[11.36386,44.52277,37.5],[11.36383,44.52274,37.6],[11.3638,44.52269,37.6],[11.36374,44.52261,37.7],[11.36348,44.52226,37.3],[11.36316,44.52185,37.1],[11.36271,44.52127,37.8],[11.3621,44.52052,39.9],[11.36198,44.52033,40.1],[11.36178,44.52004,40.3],[11.36147,44.51955,39.7],[11.36121,44.51901,38.2],[11.36098,44.51851,38.5],[11.36083,44.5182,39.0],[11.36081,44.51816,39.0],[11.36078,44.51811,39.1],[11.36069,44.51795,39.3],[11.36037,44.51743,40.1],[11.3602,44.51717,40.2],[11.35975,44.51648,39.7],[11.3597,44.5164,39.9],[11.35963,44.51626,40.2],[11.35951,44.51602,40.7],[11.35882,44.51461,41.6],[11.35855,44.51405,42.0],[11.35789,44.51271,41.8],[11.35788,44.51268,41.8],[11.35762,44.51216,41.4],[11.3573,44.5115,40.4],[11.3572,44.51131,40.3],[11.35696,44.51081,40.9],[11.35688,44.51063,41.2],[11.35681,44.51051,41.5],[11.35649,44.50986,43.3],[11.35641,44.50971,43.9],[11.35592,44.50869,47.7],[11.35549,44.50779,46.9],[11.35547,44.50772,46.9],[11.35521,44.50721,46.2],[11.35511,44.50704,45.6],[11.35495,44.50669,44.7],[11.35481,44.50641,44.8],[11.35477,44.50634,44.9],[11.35443,44.50563,45.4],[11.35413,44.50502,46.4],[11.35408,44.50492,46.6],[11.35382,44.5044,46.9],[11.35374,44.50421,46.6],[11.35368,44.50407,46.4],[11.35359,44.50411,46.1],[11.35329,44.50423,45.8],[11.35305,44.50432,45.9],[11.3529,44.50437,46.0],[11.35267,44.50445,45.9],[11.3525,44.5045,45.5],[11.35232,44.50455,44.9],[11.35217,44.5046,44.3],[11.35197,44.50465,43.6],[11.35168,44.50473,42.7],[11.35149,44.50476,42.5],[11.35133,44.50479,42.3],[11.35118,44.50482,42.2],[11.35102,44.50485,42.2],[11.35084,44.50487,42.4],[11.35062,44.5049,42.7],[11.35043,44.50493,43.0],[11.35019,44.50496,43.3],[11.35016,44.50497,43.3],[11.34949,44.50511,44.1],[11.34901,44.5052,44.0],[11.3483,44.50534,44.0],[11.34804,44.50539,44.3],[11.34776,44.50544,44.6],[11.34739,44.50551,44.7],[11.3473,44.50552,44.6],[11.34694,44.50558,44.3],[11.34662,44.50564,44.0],[11.34626,44.50569,43.8],[11.34597,44.50574,43.7],[11.3459,44.50575,43.6],[11.34574,44.50578,43.5],[11.34558,44.5058,43.4],[11.34544,44.50582,43.3],[11.34534,44.50583,43.3]]]]}},{"type":"Feature","properties":{"cod_quar":13,"quartiere":"Porto - Saragozza","bbox":[11.28108,44.44267,11.34574,44.51296]},"geometry":{"type":"MultiPolygon","coordinates":[[[[11.31981,44.47776,187.2],[11.31926,44.47803,175.2],[11.31896,44.47764,180.9],[11.31882,44.4777,178.3],[11.31856,44.47738,185.7],[11.31721,44.47742,174.7],[11.31711,44.47742,173.2],[11.31699,44.4774,171.8],[11.31698,44.47734,173.1],[11.31694,44.47714,176.8],[11.31683,44.47721,173.0],[11.3167,44.47713,171.8],[11.31645,44.47727,163.6],[11.31622,44.47656,164.4],[11.31618,44.47647,163.7],[11.31601,44.47645,158.4],[11.31589,44.47648,153.8],[11.3157,44.47647,147.3],[11.3157,44.47644,147.6],[11.31561,44.47638,145.1],[11.31562,44.47613,148.1],[11.31562,44.4761,148.3],[11.31554,44.47592,146.6],[11.31548,44.4758,144.5],[11.31519,44.47567,133.4],[11.31529,44.47525,138.1],[11.31484,44.47518,122.3],[11.31486,44.47509,123.1],[11.31486,44.47483,123.6],[11.31483,44.47463,123.4],[11.31502,44.47462,129.1],[11.3153,44.47403,135.8],[11.3154,44.47401,138.0],[11.31536,44.47394,136.4],[11.31536,44.47379,134.8],[11.31533,44.47373,133.6],[11.31538,44.47374,134.7],[11.31529,44.47368,132.4],[11.31532,44.47363,132.5],[11.31534,44.47361,132.7],[11.31537,44.47359,133.0],[11.31536,44.47355,132.5],[11.31527,44.47319,128.2],[11.31534,44.47317,129.4],[11.31543,44.47317,131.0],[11.3155,44.47315,132.4],[11.31558,44.47315,134.2],[11.31555,44.47312,133.5],[11.31549,44.47306,132.4],[11.31544,44.47299,131.9],[11.31534,44.47287,131.5],[11.31527,44.47273,133.0],[11.31519,44.47276,130.6],[11.31522,44.47273,131.9],[11.3152,44.47258,135.1],[11.31531,44.47255,138.4],[11.31513,44.47215,147.2],[11.31501,44.4719,151.8],[11.31491,44.4717,153.4],[11.31483,44.47159,152.2],[11.3143,44.47118,134.4],[11.31436,44.47117,135.8],[11.31408,44.47087,127.0],[11.31402,44.47081,125.7],[11.31427,44.47068,129.3],[11.31425,44.4706,128.2],[11.31432,44.47055,128.9],[11.31434,44.47053,129.0],[11.31434,44.4705,128.7],[11.31434,44.47047,128.4],[11.31433,44.47043,127.9],[11.31425,44.47028,125.5],[11.31421,44.4702,124.3],[11.31419,44.47011,123.4],[11.31419,44.47007,123.0],[11.31414,44.46945,120.1],[11.31412,44.46929,119.9],[11.31411,44.46908,120.1],[11.31421,44.46904,121.8],[11.31445,44.46901,125.3],[11.3146,44.46898,127.2],[11.31474,44.46894,129.1],[11.31486,44.46886,130.9],[11.31489,44.46876,131.8],[11.31463,44.46857,130.9],[11.31433,44.46851,128.3],[11.31414,44.46848,126.1],[11.31407,44.46855,124.4],[11.31395,44.46847,123.6],[11.31388,44.46842,123.1],[11.31427,44.46829,130.1],[11.31418,44.46813,131.0],[11.31422,44.46803,133.1],[11.31421,44.46796,134.1],[11.31413,44.46782,134.8],[11.31404,44.46766,135.5],[11.31405,44.46761,136.2],[11.31413,44.46754,138.1],[11.31432,44.46735,142.3],[11.31458,44.46709,146.7],[11.31454,44.46708,146.1],[11.31469,44.46693,148.3],[11.31471,44.46678,148.0],[11.31495,44.46617,148.5],[11.31498,44.46594,149.4],[11.3149,44.46596,147.9],[11.31448,44.4661,139.9],[11.31446,44.46598,140.1],[11.3144,44.46566,143.1],[11.31436,44.46551,145.6],[11.31431,44.46527,150.0],[11.31426,44.46507,153.6],[11.31424,44.46501,154.4],[11.31422,44.46496,155.0],[11.31421,44.46493,155.2],[11.31416,44.46485,155.5],[11.31397,44.46438,156.3],[11.31388,44.46425,154.7],[11.31375,44.46426,151.9],[11.31341,44.46429,144.7],[11.31324,44.46354,146.6],[11.31317,44.46326,145.9],[11.31309,44.46328,144.8],[11.31307,44.46289,143.8],[11.31307,44.46281,143.4],[11.31306,44.46272,142.9],[11.31306,44.46269,142.8],[11.3129,44.46221,140.0],[11.31289,44.46217,139.9],[11.31044,44.46116,122.2],[11.31043,44.46112,122.6],[11.31036,44.46106,123.3],[11.3103,44.46102,123.9],[11.31022,44.46098,124.5],[11.31017,44.46096,124.8],[11.31009,44.46093,125.3],[11.31004,44.46091,125.6],[11.30995,44.46088,126.1],[11.30983,44.46082,126.8],[11.30976,44.46077,127.2],[11.3097,44.46073,127.6],[11.30961,44.46068,128.0],[11.30951,44.46061,128.4],[11.30943,44.46057,128.7],[11.30936,44.46054,128.9],[11.30932,44.46052,129.0],[11.30927,44.46048,129.3],[11.30923,44.46044,129.6],[11.30921,44.46041,129.7],[11.30918,44.46034,129.9],[11.30913,44.46026,130.2],[11.30911,44.46023,130.2],[11.30908,44.46019,130.3],[11.30905,44.46016,130.4],[11.309,44.46012,130.5],[11.30894,44.46008,130.7],[11.30888,44.46005,130.8],[11.30882,44.46002,130.9],[11.30874,44.45997,131.1],[11.30865,44.4599,131.1],[11.30858,44.45985,131.2],[11.30855,44.45982,131.2],[11.30852,44.45978,131.1],[11.30848,44.45974,131.2],[11.30845,44.45969,131.2],[11.30842,44.45964,131.4],[11.3084,44.4596,131.5],[11.30838,44.45955,131.6],[11.30837,44.4595,131.5],[11.30834,44.45944,131.8],[11.30832,44.45938,131.9],[11.3083,44.45931,132.0],[11.30827,44.45925,132.3],[11.30826,44.45919,132.3],[11.30827,44.45914,132.1],[11.30828,44.45908,131.9],[11.30829,44.45905,131.7],[11.30831,44.45898,131.5],[11.30833,44.45892,131.4],[11.30834,44.45882,131.5],[11.30833,44.45872,131.9],[11.30834,44.45864,131.9],[11.30836,44.45859,131.9],[11.30838,44.45854,132.0],[11.30841,44.45847,132.2],[11.30842,44.45842,132.5],[11.30843,44.45838,132.8],[11.30844,44.45833,133.2],[11.30842,44.45828,133.6],[11.3084,44.45821,134.2],[11.30837,44.45816,134.6],[11.30829,44.45805,135.6],[11.30825,44.458,135.8],[11.30821,44.45792,135.9],[11.30814,44.45784,135.8],[11.30809,44.45778,135.8],[11.30802,44.45771,136.0],[11.30792,44.45762,136.2],[11.30784,44.45757,136.1],[11.30782,44.45755,136.1],[11.30777,44.4575,136.0],[11.30772,44.4574,136.4],[11.30769,44.45736,136.5],[11.30766,44.45734,136.5],[11.30762,44.4573,136.8],[11.30757,44.45726,137.1],[11.30752,44.45722,137.4],[11.30746,44.45718,137.9],[11.30737,44.45711,138.5],[11.30729,44.45705,138.9],[11.30722,44.45698,139.3],[11.30718,44.45695,139.5],[11.30714,44.45692,139.7],[11.30709,44.45689,139.9],[11.30702,44.45684,140.1],[11.30695,44.45679,140.2],[11.3069,44.45675,140.3],[11.30687,44.45672,140.4],[11.30685,44.45669,140.4],[11.30684,44.45666,140.5],[11.30683,44.45664,140.6],[11.30682,44.45661,140.7],[11.30682,44.45658,140.8],[11.30681,44.45655,141.1],[11.3068,44.45652,141.3],[11.30679,44.45648,141.7],[11.30677,44.45644,142.0],[11.30674,44.45639,142.5],[11.3067,44.45634,143.0],[11.30664,44.45629,143.3],[11.30657,44.45623,143.7],[11.30653,44.45621,143.7],[11.30649,44.45619,143.7],[11.30644,44.45616,143.6],[11.30637,44.45612,143.5],[11.30629,44.45607,143.5],[11.30622,44.456,143.3],[11.30618,44.45595,143.1],[11.30616,44.45592,143.0],[11.30613,44.45588,142.7],[11.3061,44.45584,142.5],[11.30607,44.45581,142.3],[11.30603,44.45577,142.2],[11.30599,44.45574,142.3],[11.30596,44.45572,142.3],[11.30593,44.4557,142.6],[11.30589,44.45568,142.8],[11.30585,44.45567,143.1],[11.30578,44.45565,143.5],[11.3057,44.45565,144.0],[11.30553,44.45565,144.9],[11.3054,44.45564,145.7],[11.30533,44.45563,146.1],[11.30528,44.45562,146.4],[11.30522,44.45558,146.6],[11.30516,44.45553,146.7],[11.30511,44.45545,146.4],[11.30509,44.45542,146.3],[11.30507,44.45538,146.3],[11.30504,44.45535,146.3],[11.30502,44.45532,146.4],[11.30499,44.45528,146.6],[11.30496,44.45525,146.9],[11.30493,44.45521,147.2],[11.30489,44.45518,147.6],[11.30484,44.45515,148.0],[11.30481,44.45512,148.2],[11.3047,44.45503,149.0],[11.30467,44.455,149.2],[11.30463,44.45497,149.4],[11.3046,44.45493,149.7],[11.30457,44.4549,150.0],[11.30452,44.45484,150.6],[11.3045,44.45481,150.8],[11.30448,44.45478,151.1],[11.30446,44.45474,151.5],[11.30441,44.45469,151.8],[11.30435,44.45463,152.1],[11.30431,44.4546,152.2],[11.30427,44.45457,152.3],[11.30424,44.45455,152.4],[11.30421,44.45452,152.5],[11.30419,44.4545,152.6],[11.30415,44.45446,152.7],[11.30408,44.45438,153.1],[11.30405,44.45435,153.3],[11.30398,44.45426,153.4],[11.30393,44.45421,153.3],[11.30387,44.45417,153.2],[11.30381,44.45412,153.0],[11.30377,44.45409,153.0],[11.30373,44.45407,152.9],[11.3037,44.45404,152.9],[11.30366,44.45397,152.8],[11.3036,44.45387,153.0],[11.30359,44.45384,153.1],[11.30354,44.45379,153.0],[11.30352,44.45374,153.1],[11.3035,44.4537,153.1],[11.30348,44.45367,153.1],[11.30339,44.45366,152.8],[11.30334,44.45363,152.9],[11.30331,44.4536,153.1],[11.30326,44.45355,153.5],[11.30318,44.4535,154.0],[11.3031,44.45345,154.5],[11.30301,44.4534,155.0],[11.30296,44.45337,155.4],[11.30291,44.45334,156.0],[11.30289,44.45331,156.2],[11.30288,44.45328,156.4],[11.30288,44.45324,156.5],[11.30288,44.45321,156.6],[11.30287,44.45318,156.7],[11.30287,44.45316,156.8],[11.30284,44.45311,157.2],[11.30276,44.45301,157.9],[11.30274,44.45297,158.0],[11.30271,44.45294,158.2],[11.30268,44.45292,158.4],[11.30265,44.45289,158.6],[11.30264,44.45286,158.7],[11.30262,44.45283,158.8],[11.30259,44.45277,159.1],[11.30255,44.45272,159.5],[11.30248,44.45265,160.4],[11.30244,44.45261,160.9],[11.30238,44.45257,161.6],[11.30234,44.45254,162.0],[11.30229,44.4525,162.3],[11.30226,44.45247,162.4],[11.30223,44.45244,162.6],[11.30216,44.45236,162.8],[11.30212,44.45228,162.6],[11.30209,44.45224,162.6],[11.30207,44.4522,162.4],[11.30204,44.45216,162.4],[11.30203,44.45213,162.3],[11.30202,44.4521,162.1],[11.30202,44.45206,161.9],[11.30203,44.45203,161.6],[11.30203,44.452,161.4],[11.30202,44.45197,161.4],[11.30201,44.45189,161.2],[11.302,44.45181,161.0],[11.30199,44.45175,160.9],[11.30198,44.45172,160.9],[11.30197,44.45168,160.8],[11.30196,44.45164,160.8],[11.30195,44.4516,160.8],[11.30194,44.45156,160.8],[11.30193,44.45153,160.8],[11.30189,44.45147,161.1],[11.30184,44.45143,161.3],[11.30182,44.45138,161.6],[11.30181,44.45135,161.7],[11.3018,44.45131,161.9],[11.30178,44.45128,162.1],[11.30175,44.45125,162.3],[11.30173,44.4512,162.6],[11.30169,44.45113,163.0],[11.30167,44.4511,163.1],[11.30166,44.45105,163.3],[11.30164,44.45099,163.5],[11.30162,44.45095,163.7],[11.30158,44.45089,163.9],[11.30155,44.45086,164.1],[11.30152,44.45083,164.3],[11.30148,44.4508,164.6],[11.30143,44.45077,164.9],[11.30132,44.45073,165.6],[11.30128,44.4507,165.8],[11.30125,44.45068,166.0],[11.30123,44.45064,166.0],[11.30122,44.45061,166.0],[11.30122,44.45059,165.9],[11.30121,44.45055,165.9],[11.3012,44.45051,165.9],[11.30118,44.45044,165.9],[11.30114,44.45032,166.2],[11.30113,44.45028,166.3],[11.30112,44.45024,166.5],[11.30112,44.4502,166.6],[11.30112,44.45017,166.6],[11.30113,44.45015,166.7],[11.30115,44.45013,166.7],[11.30117,44.4501,166.7],[11.30121,44.45004,166.8],[11.30123,44.45,166.9],[11.30125,44.44995,167.0],[11.30127,44.44988,167.2],[11.30128,44.44981,167.5],[11.30129,44.44976,167.8],[11.30129,44.4497,168.2],[11.30128,44.44964,168.5],[11.30128,44.4496,168.7],[11.30122,44.44953,169.1],[11.30118,44.44949,169.4],[11.30111,44.44944,169.8],[11.30106,44.4494,170.1],[11.30095,44.44934,170.6],[11.3009,44.44931,170.9],[11.30085,44.44929,171.2],[11.30082,44.44926,171.5],[11.3008,44.44923,171.8],[11.30077,44.44919,172.3],[11.30073,44.44914,172.8],[11.3007,44.44909,173.3],[11.30068,44.44904,173.8],[11.30067,44.44898,174.2],[11.30066,44.44892,174.7],[11.30065,44.44884,175.3],[11.30062,44.44876,175.8],[11.30059,44.44869,176.3],[11.30054,44.44863,176.8],[11.30052,44.44859,177.0],[11.30046,44.44853,177.4],[11.30039,44.44848,177.8],[11.30033,44.44842,178.2],[11.30029,44.44838,178.6],[11.30025,44.44835,178.9],[11.30018,44.44829,179.4],[11.30015,44.44825,179.7],[11.30008,44.4482,180.1],[11.3,44.44813,180.8],[11.29996,44.44808,181.2],[11.29993,44.44805,181.5],[11.29986,44.44799,182.1],[11.29978,44.44793,182.8],[11.2997,44.44788,183.3],[11.29963,44.44783,183.8],[11.2996,44.44781,184.0],[11.29956,44.44778,184.3],[11.29954,44.44777,184.4],[11.29945,44.44772,184.9],[11.29934,44.44767,185.5],[11.29926,44.44761,185.9],[11.29918,44.44757,186.3],[11.29915,44.44755,186.4],[11.2991,44.44751,186.6],[11.29902,44.44745,186.9],[11.29894,44.4474,187.3],[11.29883,44.44732,187.8],[11.29879,44.4473,187.9],[11.29874,44.44726,188.1],[11.2987,44.44723,188.2],[11.29861,44.44718,188.5],[11.29856,44.44714,188.7],[11.2985,44.44708,188.8],[11.29843,44.44703,189.1],[11.29836,44.44697,189.4],[11.2983,44.44692,189.7],[11.29794,44.44664,191.2],[11.29768,44.44612,192.7],[11.29746,44.44599,193.1],[11.29648,44.44595,191.6],[11.29636,44.44591,191.2],[11.29625,44.44589,191.0],[11.29618,44.44587,190.8],[11.29611,44.44586,190.8],[11.29605,44.44586,190.9],[11.29596,44.44585,190.8],[11.29585,44.44585,190.9],[11.29575,44.44584,190.8],[11.29568,44.44584,190.9],[11.29558,44.44582,190.5],[11.29552,44.44581,190.4],[11.29548,44.4458,190.2],[11.29538,44.44578,190.0],[11.29521,44.44574,189.5],[11.29515,44.44572,189.2],[11.29501,44.44568,188.9],[11.29487,44.44565,188.6],[11.29481,44.44563,188.3],[11.29473,44.44559,187.3],[11.29461,44.44554,186.0],[11.29454,44.4455,185.0],[11.29448,44.44546,184.2],[11.29441,44.44539,182.4],[11.29434,44.44531,180.0],[11.29428,44.44525,178.2],[11.29422,44.44522,177.4],[11.29417,44.44519,176.5],[11.29411,44.44517,176.1],[11.29399,44.44516,175.9],[11.29387,44.44515,175.7],[11.29371,44.44517,176.3],[11.29345,44.44521,177.5],[11.29309,44.44525,177.6],[11.29284,44.44528,176.6],[11.29271,44.44529,175.6],[11.29259,44.4453,174.4],[11.29241,44.44532,172.7],[11.29226,44.44535,171.4],[11.29203,44.44539,168.9],[11.29188,44.44542,166.9],[11.2917,44.44545,164.1],[11.2915,44.44548,161.1],[11.29129,44.4455,157.1],[11.29108,44.44552,153.4],[11.29096,44.44553,151.5],[11.29086,44.44554,149.8],[11.29076,44.44554,148.0],[11.29063,44.44555,145.8],[11.29052,44.44554,143.8],[11.29039,44.44552,141.2],[11.29014,44.44546,136.6],[11.28986,44.44541,131.7],[11.28966,44.44535,128.1],[11.28958,44.44532,126.6],[11.28944,44.44525,124.0],[11.28939,44.44523,123.2],[11.28933,44.44517,122.2],[11.28928,44.44512,121.4],[11.28922,44.44506,120.5],[11.28917,44.44494,119.4],[11.28913,44.44486,118.5],[11.2891,44.4448,117.7],[11.28907,44.44477,117.0],[11.28903,44.44475,116.1],[11.28898,44.44473,114.9],[11.28891,44.44472,113.5],[11.28884,44.44472,112.1],[11.28875,44.4447,110.1],[11.28869,44.44469,108.8],[11.28864,44.44468,107.7],[11.28858,44.44466,106.2],[11.28852,44.44463,104.8],[11.28847,44.44459,103.5],[11.28842,44.44455,102.2],[11.2884,44.44452,101.6],[11.28837,44.44448,100.6],[11.28836,44.44444,100.1],[11.28835,44.44437,99.4],[11.28835,44.44431,99.0],[11.28835,44.44426,98.6],[11.28836,44.44421,98.5],[11.28839,44.44407,97.9],[11.28841,44.44399,97.3],[11.28842,44.44395,97.0],[11.28842,44.44392,96.6],[11.28842,44.44383,95.4],[11.28841,44.44376,94.4],[11.28841,44.44369,93.6],[11.2884,44.44348,90.9],[11.28839,44.4432,87.4],[11.28839,44.44294,84.6],[11.28839,44.44279,82.8],[11.28839,44.44275,82.4],[11.28838,44.44272,82.0],[11.28834,44.44269,81.5],[11.28831,44.44268,81.1],[11.28824,44.44267,80.5],[11.28811,44.44267,79.6],[11.28778,44.44268,77.7],[11.28555,44.4429,74.0],[11.28328,44.44311,67.0],[11.28108,44.44332,64.9],[11.28195,44.44546,66.9],[11.28217,44.44599,69.4],[11.28252,44.44694,68.4],[11.28379,44.45043,63.1],[11.28378,44.45046,63.0],[11.28366,44.45081,63.3],[11.28366,44.45081,63.3],[11.28361,44.45093,64.3],[11.28374,44.45171,66.4],[11.28439,44.4529,64.9],[11.28463,44.45333,64.4],[11.28481,44.45366,64.9],[11.28504,44.45421,67.2],[11.28514,44.4546,68.4],[11.28517,44.45465,68.4],[11.28517,44.45465,68.4],[11.28559,44.45501,68.7],[11.28559,44.45501,68.7],[11.28588,44.45573,67.8],[11.28591,44.45588,67.7],[11.28627,44.45729,64.4],[11.28633,44.45853,67.8],[11.28657,44.45898,69.7],[11.28655,44.45915,69.4],[11.2881,44.45932,71.3],[11.2881,44.45932,71.3],[11.28818,44.45961,72.5],[11.28835,44.45945,72.4],[11.28862,44.45951,73.4],[11.28862,44.45951,73.4],[11.28881,44.45963,74.4],[11.28893,44.4597,75.1],[11.28918,44.45975,77.5],[11.28935,44.45975,79.4],[11.28965,44.45982,83.2],[11.28981,44.45985,85.0],[11.28981,44.45985,85.0],[11.28991,44.45995,86.3],[11.29002,44.46001,87.9],[11.29017,44.46003,89.8],[11.2903,44.46003,91.2],[11.29093,44.46019,99.3],[11.29112,44.46023,101.6],[11.29135,44.46037,105.4],[11.29162,44.46047,109.8],[11.29216,44.46061,119.6],[11.29216,44.46061,119.6],[11.29216,44.46061,119.6],[11.2922,44.46069,120.6],[11.2921,44.46076,119.4],[11.29191,44.46095,118.6],[11.29184,44.46102,118.4],[11.29178,44.4613,120.8],[11.29182,44.46135,122.0],[11.29182,44.46135,122.0],[11.29195,44.46209,132.9],[11.29162,44.4624,133.7],[11.29133,44.46256,133.6],[11.2913,44.46258,133.6],[11.29125,44.46261,133.7],[11.29097,44.46272,132.5],[11.29092,44.46277,133.0],[11.29085,44.46299,138.0],[11.29076,44.46309,139.0],[11.29071,44.46313,139.3],[11.29065,44.46317,139.2],[11.29059,44.46321,139.0],[11.29051,44.46324,138.0],[11.29044,44.46327,137.1],[11.29036,44.46331,136.2],[11.29033,44.46332,135.8],[11.2901,44.46358,136.7],[11.28997,44.46376,137.2],[11.28994,44.46386,138.2],[11.28979,44.46402,137.1],[11.28964,44.46419,136.4],[11.28956,44.46434,136.9],[11.2894,44.46471,137.2],[11.28925,44.46507,136.2],[11.28919,44.46528,136.2],[11.28918,44.46566,136.5],[11.28907,44.4662,128.2],[11.28915,44.46624,130.7],[11.28915,44.46624,130.7],[11.2892,44.46629,132.1],[11.2892,44.46629,132.1],[11.28922,44.46645,131.8],[11.28931,44.46647,134.3],[11.29035,44.46628,168.5],[11.29047,44.4663,172.0],[11.29047,44.4663,172.0],[11.29047,44.4663,172.0],[11.29066,44.46761,173.4],[11.29164,44.46785,195.1],[11.29164,44.46785,195.1],[11.29164,44.46785,195.1],[11.29164,44.46793,195.4],[11.29062,44.46829,175.1],[11.29075,44.46848,177.3],[11.29122,44.46877,186.6],[11.2923,44.46886,203.4],[11.29232,44.46886,203.6],[11.29239,44.46885,204.4],[11.29239,44.46885,204.4],[11.29272,44.46878,205.0],[11.29272,44.46878,205.0],[11.29274,44.46884,204.9],[11.29274,44.46884,204.9],[11.29274,44.46885,204.9],[11.29271,44.46902,205.3],[11.29271,44.46902,205.3],[11.29269,44.46915,205.4],[11.29265,44.46934,205.5],[11.29263,44.46938,205.5],[11.29245,44.46981,204.7],[11.2923,44.47006,203.2],[11.29214,44.47026,202.1],[11.29203,44.4704,201.5],[11.29201,44.47042,201.3],[11.29184,44.47061,199.2],[11.29179,44.47065,198.4],[11.29163,44.47083,195.4],[11.2911,44.47083,185.9],[11.2911,44.47083,185.9],[11.2911,44.47083,185.9],[11.29114,44.47078,186.4],[11.2915,44.47025,192.1],[11.29026,44.46975,166.6],[11.29012,44.46999,166.7],[11.28985,44.47037,165.4],[11.28967,44.47058,163.4],[11.28954,44.47062,161.1],[11.28949,44.47078,160.9],[11.28954,44.4714,160.7],[11.28959,44.47208,160.6],[11.29011,44.47206,169.5],[11.29033,44.47205,173.0],[11.29069,44.47214,179.0],[11.29069,44.47214,179.0],[11.29069,44.47214,179.0],[11.29036,44.47284,175.1],[11.29045,44.47287,176.5],[11.29045,44.47287,176.5],[11.29045,44.47287,176.5],[11.29043,44.47294,175.8],[11.29038,44.47303,174.1],[11.29025,44.47325,169.8],[11.29011,44.47341,166.9],[11.29006,44.47352,165.7],[11.29055,44.4735,174.1],[11.29073,44.47351,177.3],[11.29073,44.47351,177.3],[11.29102,44.47374,182.3],[11.29102,44.47374,182.3],[11.29103,44.47379,182.4],[11.29101,44.4738,181.9],[11.29072,44.47395,175.9],[11.29071,44.47395,175.7],[11.29071,44.47395,175.7],[11.29049,44.47397,172.0],[11.29049,44.47397,172.0],[11.29049,44.47397,172.0],[11.29043,44.47393,170.8],[11.29043,44.47393,170.8],[11.29023,44.47396,167.9],[11.29006,44.4742,169.0],[11.28984,44.4745,174.4],[11.28965,44.47463,177.5],[11.28964,44.47464,177.7],[11.28937,44.47478,182.0],[11.28936,44.47478,181.9],[11.28936,44.47478,181.9],[11.28935,44.47479,182.3],[11.28867,44.47491,182.7],[11.28838,44.47507,185.0],[11.28835,44.47509,185.2],[11.28799,44.47536,183.3],[11.28796,44.47553,183.1],[11.28798,44.47575,181.7],[11.28815,44.47605,178.5],[11.2882,44.47614,176.2],[11.2884,44.47653,161.6],[11.28887,44.47646,180.8],[11.28888,44.47646,181.1],[11.28893,44.47645,183.0],[11.28925,44.47639,193.6],[11.28925,44.47639,193.6],[11.28926,44.47638,194.1],[11.28926,44.47638,194.1],[11.28927,44.47638,194.3],[11.28978,44.47637,201.4],[11.2903,44.47646,198.8],[11.2903,44.47646,198.8],[11.29049,44.47639,200.1],[11.2905,44.47639,200.1],[11.2913,44.47602,208.2],[11.29143,44.47592,210.3],[11.29143,44.47592,210.3],[11.29155,44.47595,210.2],[11.29155,44.47595,210.2],[11.29181,44.47614,209.2],[11.29181,44.47614,209.2],[11.29181,44.47621,208.1],[11.29173,44.47633,205.2],[11.29143,44.47668,195.1],[11.29112,44.47682,189.1],[11.29098,44.47691,186.6],[11.29108,44.47714,184.7],[11.29046,44.47734,178.3],[11.29038,44.4774,177.2],[11.29014,44.47747,174.5],[11.29015,44.47755,175.3],[11.29016,44.47764,176.7],[11.2906,44.47795,190.7],[11.2906,44.47795,190.7],[11.29081,44.47821,203.5],[11.29081,44.47821,203.5],[11.29105,44.47842,216.6],[11.29105,44.47842,216.6],[11.29121,44.47856,225.3],[11.29121,44.47856,225.3],[11.29125,44.47869,231.0],[11.29133,44.47879,235.4],[11.29172,44.47901,243.7],[11.29172,44.47901,243.7],[11.29211,44.47932,248.3],[11.29211,44.47932,248.3],[11.2919,44.47936,246.1],[11.29165,44.47942,243.0],[11.29165,44.47942,243.0],[11.29165,44.47926,243.5],[11.29092,44.4792,233.8],[11.29033,44.47968,218.6],[11.2903,44.47971,217.5],[11.29066,44.48003,215.6],[11.29066,44.48003,215.6],[11.29019,44.48056,193.9],[11.28992,44.48072,186.7],[11.28956,44.48098,171.2],[11.28941,44.48113,162.1],[11.28977,44.48127,164.6],[11.29021,44.48134,168.4],[11.29048,44.48134,170.4],[11.29048,44.48134,170.4],[11.29052,44.48139,170.1],[11.29052,44.48139,170.1],[11.29029,44.48162,166.2],[11.2903,44.48167,166.4],[11.2906,44.48177,172.1],[11.2909,44.48195,179.3],[11.2909,44.48195,179.3],[11.2909,44.48195,179.3],[11.29091,44.48197,179.7],[11.29093,44.48203,180.7],[11.29093,44.48203,180.7],[11.29093,44.48203,180.7],[11.29093,44.48203,180.7],[11.29093,44.48204,180.9],[11.29089,44.48221,181.8],[11.29089,44.48222,181.8],[11.29086,44.48232,181.7],[11.29085,44.48243,181.2],[11.29087,44.48252,180.5],[11.29089,44.48258,179.7],[11.29098,44.48267,179.1],[11.29104,44.48269,179.4],[11.29116,44.48268,180.9],[11.29134,44.48266,183.3],[11.29143,44.48265,184.3],[11.29144,44.48265,184.4],[11.29151,44.48263,185.4],[11.29152,44.48262,185.7],[11.29159,44.4826,186.6],[11.2917,44.48254,188.9],[11.29183,44.48246,191.6],[11.29193,44.48238,193.6],[11.29209,44.48224,197.0],[11.29218,44.48217,198.8],[11.29228,44.48211,200.9],[11.29235,44.48207,202.2],[11.29247,44.48203,204.3],[11.29291,44.48193,213.5],[11.29335,44.48182,222.8],[11.29337,44.48182,223.1],[11.29361,44.48186,226.4],[11.29361,44.48186,226.4],[11.29389,44.48203,224.8],[11.29447,44.48193,223.4],[11.29447,44.48193,223.4],[11.29451,44.48204,219.7],[11.29457,44.48225,212.5],[11.29462,44.48238,207.0],[11.29471,44.4826,195.3],[11.29477,44.48265,192.1],[11.2949,44.48269,188.3],[11.29518,44.48277,180.1],[11.29533,44.4828,175.7],[11.29547,44.48283,171.3],[11.2956,44.48288,166.7],[11.29583,44.48293,159.5],[11.29592,44.48296,156.7],[11.29601,44.483,153.8],[11.29613,44.48301,151.4],[11.29652,44.48306,145.5],[11.2967,44.48309,144.0],[11.2967,44.48309,144.0],[11.29675,44.48323,140.9],[11.29678,44.48336,137.6],[11.2968,44.48349,134.4],[11.29681,44.48353,133.5],[11.29678,44.48358,132.2],[11.29675,44.48366,130.1],[11.29672,44.48374,127.9],[11.2967,44.48386,124.7],[11.2967,44.48396,121.7],[11.29669,44.48409,118.6],[11.29669,44.48425,115.0],[11.29668,44.48439,112.5],[11.29668,44.48444,111.5],[11.29668,44.48458,108.7],[11.29667,44.48465,107.3],[11.29667,44.48468,106.7],[11.29667,44.48474,105.3],[11.29667,44.48485,102.6],[11.29667,44.48492,101.0],[11.29667,44.48498,99.6],[11.29665,44.48503,98.4],[11.29664,44.48509,96.9],[11.29663,44.48515,95.6],[11.29662,44.48521,94.3],[11.29661,44.48529,92.5],[11.29662,44.48534,91.5],[11.29665,44.48542,90.0],[11.29667,44.48548,89.1],[11.29667,44.48548,89.1],[11.29668,44.48555,88.1],[11.29668,44.48556,87.9],[11.29668,44.48567,86.5],[11.29668,44.48567,86.5],[11.29668,44.48567,86.5],[11.29663,44.48574,85.7],[11.29642,44.48598,82.7],[11.29637,44.48603,82.2],[11.29622,44.48621,80.5],[11.29621,44.48621,80.5],[11.29621,44.48621,80.5],[11.29615,44.48626,80.0],[11.29612,44.48627,79.9],[11.29605,44.48632,79.2],[11.29583,44.48657,76.0],[11.29577,44.48663,75.5],[11.2957,44.48671,74.8],[11.29539,44.48705,72.6],[11.29483,44.48768,70.0],[11.29503,44.48776,69.8],[11.29503,44.4878,69.6],[11.29569,44.48804,67.6],[11.29592,44.48811,67.0],[11.29667,44.48836,64.6],[11.29708,44.4885,64.8],[11.29739,44.48861,65.6],[11.2979,44.48879,66.4],[11.29806,44.48884,66.5],[11.29857,44.48902,66.0],[11.29893,44.48915,65.5],[11.29904,44.48921,65.1],[11.29932,44.48934,64.4],[11.29951,44.48944,64.0],[11.29978,44.48957,63.1],[11.30032,44.48988,60.8],[11.30036,44.4899,60.7],[11.30077,44.4902,60.0],[11.3012,44.49052,59.7],[11.30159,44.49081,58.5],[11.30169,44.49091,58.2],[11.30177,44.49103,58.0],[11.30182,44.49116,57.8],[11.30187,44.49132,57.8],[11.30218,44.49215,58.4],[11.30226,44.49235,58.3],[11.30182,44.4925,57.4],[11.30346,44.49308,55.5],[11.30448,44.49346,52.0],[11.30576,44.49392,52.6],[11.30626,44.4941,53.4],[11.30687,44.49432,53.9],[11.3072,44.49443,53.0],[11.30754,44.49459,51.7],[11.3079,44.49478,52.0],[11.30867,44.49515,53.5],[11.30896,44.49529,54.2],[11.30924,44.49534,54.8],[11.3099,44.49548,54.4],[11.31045,44.49559,54.0],[11.3106,44.49561,54.0],[11.31059,44.49569,53.7],[11.3106,44.49575,53.6],[11.31062,44.49579,53.5],[11.31067,44.49583,53.4],[11.31072,44.49585,53.4],[11.31086,44.49589,53.3],[11.31091,44.49592,53.2],[11.31094,44.49597,53.1],[11.31128,44.49689,50.2],[11.31168,44.49803,47.5],[11.31184,44.49824,47.7],[11.31083,44.49851,48.1],[11.30979,44.4988,47.6],[11.3096,44.49885,47.7],[11.30884,44.49905,47.5],[11.30772,44.49936,46.4],[11.3069,44.49958,46.3],[11.30675,44.49964,46.5],[11.30641,44.49975,46.7],[11.30615,44.49986,46.9],[11.30621,44.49993,46.8],[11.3063,44.50006,46.8],[11.30633,44.50018,46.8],[11.30631,44.50043,46.6],[11.30624,44.50081,46.4],[11.3059,44.50108,46.2],[11.30582,44.50114,46.3],[11.3059,44.5012,46.3],[11.30598,44.50126,46.3],[11.30623,44.50147,46.7],[11.30647,44.50167,47.3],[11.30662,44.50179,47.6],[11.30677,44.50191,47.8],[11.30688,44.502,47.7],[11.30705,44.50214,47.3],[11.30732,44.50237,46.3],[11.3074,44.50241,46.0],[11.30752,44.50252,45.6],[11.30757,44.50258,45.4],[11.30798,44.50316,45.8],[11.30826,44.50355,46.0],[11.30845,44.50383,45.6],[11.30849,44.50389,45.5],[11.30852,44.50397,45.3],[11.30854,44.50406,45.2],[11.3086,44.5043,45.2],[11.30862,44.50437,45.2],[11.30864,44.50444,45.2],[11.30866,44.50451,45.2],[11.30868,44.50456,45.2],[11.3087,44.5046,45.2],[11.30873,44.50466,45.2],[11.30876,44.50472,45.1],[11.30886,44.50487,44.9],[11.30898,44.50506,44.6],[11.30924,44.50546,43.5],[11.3093,44.50557,43.2],[11.30968,44.50629,43.1],[11.30995,44.50679,43.3],[11.31011,44.50708,42.9],[11.31019,44.50719,42.7],[11.31027,44.50733,42.5],[11.31038,44.50742,42.3],[11.31051,44.50755,42.2],[11.31065,44.50764,42.1],[11.31087,44.50785,42.3],[11.31051,44.50795,42.9],[11.31053,44.50797,42.9],[11.31055,44.508,42.9],[11.31057,44.50802,43.0],[11.3106,44.50804,42.9],[11.31057,44.50809,43.1],[11.31056,44.50816,43.2],[11.31059,44.50823,43.3],[11.31083,44.50874,42.9],[11.31156,44.51015,41.9],[11.31172,44.51044,42.2],[11.31178,44.51053,42.2],[11.31184,44.51061,42.1],[11.31199,44.51078,42.0],[11.31211,44.5109,41.7],[11.31247,44.51086,40.5],[11.31255,44.51101,40.4],[11.31235,44.51109,41.0],[11.31226,44.51114,41.4],[11.31216,44.51114,41.9],[11.31209,44.51117,42.2],[11.31199,44.51117,42.6],[11.31128,44.51117,44.7],[11.31115,44.51117,45.0],[11.31086,44.51115,45.4],[11.31082,44.51116,45.4],[11.31083,44.51134,45.5],[11.31085,44.5115,45.5],[11.31085,44.51164,45.3],[11.31106,44.51296,44.1],[11.31134,44.51289,43.7],[11.31162,44.51282,43.1],[11.31204,44.51271,41.8],[11.31256,44.51258,40.2],[11.31298,44.51247,39.9],[11.31338,44.51237,39.9],[11.31377,44.51227,39.8],[11.31415,44.51217,39.8],[11.31448,44.51209,40.0],[11.31486,44.51199,40.1],[11.31521,44.5119,40.0],[11.3156,44.5118,39.8],[11.316,44.5117,39.6],[11.31631,44.51162,39.8],[11.3167,44.51152,39.8],[11.31704,44.51143,39.4],[11.31756,44.5113,38.8],[11.31775,44.51125,38.8],[11.31814,44.51115,39.0],[11.31829,44.51112,39.0],[11.31847,44.51107,39.0],[11.3187,44.51101,39.1],[11.31894,44.51095,39.1],[11.31915,44.51089,39.2],[11.31944,44.51082,39.4],[11.31966,44.51076,39.6],[11.31991,44.5107,39.9],[11.32012,44.51064,40.2],[11.32035,44.51059,40.6],[11.32056,44.51053,41.0],[11.32076,44.51048,41.3],[11.32096,44.51042,41.2],[11.32123,44.51034,40.7],[11.32146,44.51027,40.2],[11.32166,44.51021,39.8],[11.32185,44.51015,39.6],[11.32199,44.51011,39.5],[11.32218,44.51005,39.3],[11.32231,44.51001,39.2],[11.32252,44.50994,39.0],[11.32272,44.50988,38.9],[11.32292,44.50982,38.8],[11.32314,44.50975,38.8],[11.32334,44.50969,38.7],[11.32356,44.50962,38.7],[11.32378,44.50955,38.7],[11.324,44.50949,38.8],[11.3242,44.50942,38.9],[11.32441,44.50936,38.9],[11.3246,44.5093,38.8],[11.32474,44.50925,38.8],[11.32497,44.50918,38.9],[11.32519,44.5091,39.2],[11.32535,44.50905,39.5],[11.32556,44.50898,39.9],[11.32581,44.50889,40.2],[11.32598,44.50883,40.3],[11.32619,44.50876,40.1],[11.32637,44.5087,40.0],[11.3266,44.50861,40.0],[11.32689,44.50852,40.3],[11.32703,44.50847,40.5],[11.32725,44.50839,40.8],[11.3276,44.50827,41.2],[11.3279,44.50817,41.5],[11.32809,44.50812,41.7],[11.32823,44.50808,41.9],[11.32839,44.50804,42.1],[11.32861,44.50799,42.2],[11.32876,44.50796,42.3],[11.32892,44.50793,42.3],[11.3291,44.5079,42.4],[11.32944,44.50785,42.4],[11.32988,44.50779,42.4],[11.32999,44.50778,42.3],[11.33014,44.50776,42.2],[11.33146,44.50757,40.1],[11.33195,44.50751,40.4],[11.33236,44.50745,41.2],[11.33271,44.5074,41.6],[11.3332,44.50734,41.9],[11.33357,44.50729,41.8],[11.33421,44.50722,41.5],[11.33476,44.50716,41.2],[11.33499,44.50714,41.1],[11.3354,44.5071,41.0],[11.33671,44.50694,40.6],[11.33769,44.50683,41.6],[11.33783,44.50682,41.8],[11.33806,44.50679,41.9],[11.3383,44.50675,42.1],[11.33875,44.50669,42.5],[11.33983,44.50655,43.3],[11.34046,44.50646,43.6],[11.34185,44.50628,43.0],[11.34338,44.50608,45.0],[11.34452,44.50593,43.5],[11.34488,44.50588,43.4],[11.34514,44.50585,43.3],[11.34534,44.50583,43.3],[11.34544,44.50582,43.3],[11.34558,44.5058,43.4],[11.34574,44.50578,43.5],[11.34573,44.50574,43.6],[11.34566,44.50549,44.7],[11.34546,44.50483,47.2],[11.34544,44.50477,47.3],[11.34541,44.50471,47.5],[11.34524,44.50411,49.3],[11.34523,44.50405,49.9],[11.3452,44.50395,50.9],[11.34517,44.50384,52.3],[11.34514,44.50374,53.5],[11.34504,44.50339,56.9],[11.34488,44.50277,58.4],[11.3447,44.50218,58.7],[11.34469,44.50212,58.7],[11.34464,44.50197,58.5],[11.34461,44.50184,58.4],[11.3446,44.50182,58.3],[11.34453,44.5016,58.1],[11.34452,44.50157,58.1],[11.34448,44.50143,57.9],[11.3444,44.5012,57.6],[11.34427,44.50075,57.7],[11.34404,44.49996,60.2],[11.34399,44.49979,60.9],[11.34389,44.49942,61.4],[11.34378,44.49907,61.7],[11.3436,44.49847,63.3],[11.34335,44.49761,67.3],[11.34318,44.49704,69.3],[11.34317,44.49699,69.5],[11.34303,44.49654,71.0],[11.34298,44.49636,71.4],[11.34291,44.49614,71.4],[11.34277,44.49557,72.0],[11.34275,44.49553,72.1],[11.34273,44.49542,72.2],[11.34259,44.49491,73.0],[11.34255,44.49443,73.6],[11.34253,44.49427,73.8],[11.34254,44.4941,74.2],[11.34269,44.494,74.3],[11.34257,44.49361,76.3],[11.34232,44.49359,76.3],[11.34227,44.4935,76.7],[11.34219,44.49324,77.4],[11.34214,44.49312,77.2],[11.34208,44.49293,76.8],[11.34207,44.4929,76.7],[11.34201,44.49261,75.9],[11.34195,44.49244,75.5],[11.3419,44.49226,75.5],[11.34189,44.49221,75.5],[11.34186,44.49211,75.7],[11.34183,44.49192,76.0],[11.34181,44.49181,76.2],[11.34175,44.49132,76.8],[11.34173,44.49123,76.8],[11.34163,44.49099,76.8],[11.34151,44.49078,77.0],[11.34148,44.49073,77.0],[11.34136,44.49054,77.2],[11.34119,44.49023,77.6],[11.34106,44.49,77.8],[11.34084,44.48968,78.1],[11.34078,44.48961,78.1],[11.34072,44.48952,78.2],[11.34069,44.48948,78.3],[11.3403,44.48893,79.1],[11.34024,44.48886,79.1],[11.34021,44.48882,79.2],[11.34015,44.48877,79.1],[11.34006,44.48872,79.1],[11.33988,44.48865,78.6],[11.33981,44.48851,78.8],[11.33975,44.48834,79.3],[11.33972,44.48814,79.8],[11.33965,44.48754,80.4],[11.33963,44.48724,80.7],[11.33962,44.48691,81.4],[11.3396,44.48671,81.9],[11.33959,44.48663,82.1],[11.33956,44.48649,82.5],[11.33955,44.48642,82.6],[11.3394,44.48645,83.0],[11.33908,44.48657,83.7],[11.33812,44.48694,84.2],[11.33743,44.48721,83.7],[11.33734,44.48725,83.6],[11.33714,44.48732,83.7],[11.33697,44.48739,83.5],[11.33642,44.4876,82.5],[11.33588,44.48781,81.4],[11.33556,44.48793,80.8],[11.33459,44.4883,78.3],[11.33446,44.48835,78.0],[11.33359,44.48869,78.3],[11.33348,44.48873,78.3],[11.33235,44.48917,76.8],[11.33209,44.48927,75.9],[11.33164,44.48943,74.8],[11.33127,44.48956,73.8],[11.33073,44.48975,72.5],[11.33054,44.48981,72.1],[11.33018,44.48995,71.4],[11.33006,44.4898,72.2],[11.32982,44.4893,76.2],[11.33014,44.48923,75.9],[11.33007,44.48905,78.3],[11.32993,44.48866,82.9],[11.32933,44.48877,80.7],[11.32854,44.48891,79.3],[11.32838,44.48896,78.7],[11.32829,44.48873,80.9],[11.32824,44.48861,82.4],[11.32821,44.48852,83.8],[11.3282,44.48844,85.1],[11.3282,44.48836,86.3],[11.3282,44.48829,87.4],[11.32811,44.48825,87.9],[11.32792,44.48822,87.9],[11.32761,44.48818,87.4],[11.3275,44.48814,87.7],[11.32744,44.4881,88.2],[11.32739,44.48805,88.9],[11.32719,44.48782,92.2],[11.32705,44.48766,94.7],[11.32692,44.48751,97.5],[11.32679,44.48739,100.1],[11.32675,44.48737,100.6],[11.32669,44.48736,101.0],[11.32652,44.48734,102.0],[11.32638,44.48733,102.5],[11.32628,44.48731,103.0],[11.32618,44.48727,103.6],[11.32609,44.48725,103.8],[11.32603,44.48721,104.6],[11.32596,44.48715,105.8],[11.32592,44.48708,107.2],[11.32587,44.48701,108.8],[11.32584,44.48696,110.1],[11.32569,44.48675,115.1],[11.32565,44.48671,116.1],[11.32566,44.48652,119.7],[11.32566,44.48638,121.9],[11.32559,44.48625,123.8],[11.32545,44.48606,126.9],[11.32533,44.48589,129.1],[11.32527,44.4858,130.1],[11.32524,44.48573,130.7],[11.32524,44.48564,131.6],[11.32516,44.48549,132.6],[11.32517,44.48541,133.3],[11.32493,44.48483,138.8],[11.32491,44.48478,139.6],[11.32482,44.48476,139.3],[11.32481,44.48461,141.8],[11.32391,44.48246,186.5],[11.32377,44.48214,198.1],[11.3236,44.48182,210.9],[11.32322,44.48105,232.6],[11.32333,44.48072,234.9],[11.32463,44.47941,200.5],[11.32447,44.47933,201.1],[11.32435,44.47927,201.6],[11.32428,44.47922,201.6],[11.32423,44.47917,201.2],[11.32414,44.47908,200.6],[11.32407,44.47899,199.8],[11.324,44.47892,199.2],[11.32393,44.47885,198.4],[11.32385,44.47878,197.7],[11.32378,44.47873,197.4],[11.32369,44.47868,197.2],[11.32357,44.47864,197.5],[11.32339,44.47859,198.3],[11.32294,44.47848,201.3],[11.3224,44.47834,202.9],[11.32206,44.47826,203.7],[11.32151,44.47812,201.3],[11.32137,44.47809,200.2],[11.32129,44.47806,199.4],[11.32122,44.47802,198.5],[11.32117,44.47799,197.9],[11.32056,44.4778,192.5],[11.31986,44.47781,186.9],[11.31981,44.47776,187.2]]]]}},{"type":"Feature","properties":{"cod_quar":14,"quartiere":"San Donato - San Vitale","bbox":[11.35368,44.4807,11.43371,44.54303]},"geometry":{"type":"MultiPolygon","coordinates":[[[[11.3761,44.48665,60.2],[11.37611,44.48643,60.2],[11.37611,44.48627,60.0],[11.37613,44.48592,59.4],[11.37614,44.48555,59.4],[11.37615,44.48531,59.8],[11.37616,44.48497,60.4],[11.37619,44.48424,60.6],[11.37619,44.48414,60.6],[11.37621,44.48352,60.0],[11.37622,44.4833,59.9],[11.37623,44.48299,60.6],[11.37623,44.48288,61.0],[11.37611,44.48293,60.6],[11.3756,44.48312,60.4],[11.37449,44.48355,63.1],[11.37342,44.48396,60.9],[11.37315,44.48407,62.3],[11.3728,44.48421,63.6],[11.37258,44.48429,63.4],[11.37246,44.48434,63.4],[11.37231,44.48439,63.3],[11.37143,44.48474,63.4],[11.37094,44.48494,64.0],[11.3705,44.4851,64.0],[11.36987,44.48533,63.7],[11.36912,44.48562,61.9],[11.36756,44.48619,63.3],[11.36718,44.48632,63.3],[11.36635,44.48664,63.2],[11.36637,44.48681,63.0],[11.36628,44.48822,60.3],[11.36618,44.48937,59.3],[11.36588,44.48942,59.4],[11.36569,44.48947,59.5],[11.36557,44.4895,59.5],[11.36521,44.48959,59.8],[11.36516,44.48961,59.9],[11.36502,44.48965,60.2],[11.36495,44.48968,60.3],[11.36459,44.48924,59.7],[11.36455,44.48925,59.8],[11.36439,44.48929,60.2],[11.36412,44.48938,61.0],[11.364,44.48918,61.2],[11.36393,44.48921,61.4],[11.36379,44.48925,61.8],[11.3637,44.48928,62.1],[11.36357,44.48909,62.7],[11.36352,44.4891,62.8],[11.3635,44.48906,62.9],[11.36308,44.48919,62.9],[11.36303,44.4891,63.3],[11.36294,44.48912,63.1],[11.36259,44.48923,62.1],[11.36185,44.48945,59.2],[11.36161,44.48952,58.8],[11.36155,44.48954,58.7],[11.3613,44.48961,58.4],[11.36123,44.48963,58.4],[11.36096,44.48971,58.5],[11.36073,44.48978,58.8],[11.36057,44.48983,59.1],[11.36027,44.48992,59.9],[11.35968,44.4901,60.3],[11.3595,44.49015,59.9],[11.35939,44.49018,59.7],[11.35926,44.49022,59.4],[11.35881,44.49035,58.6],[11.35867,44.4904,58.4],[11.35852,44.49045,58.2],[11.35766,44.49069,58.2],[11.35745,44.49057,58.8],[11.35729,44.49207,57.3],[11.35709,44.49377,57.0],[11.35708,44.49393,56.7],[11.35707,44.49403,56.5],[11.35706,44.49428,56.0],[11.35697,44.49481,55.1],[11.35678,44.4965,56.8],[11.3566,44.49816,56.8],[11.35666,44.49836,56.4],[11.35657,44.4986,55.7],[11.35653,44.49866,55.5],[11.35651,44.49886,54.8],[11.35639,44.49979,51.9],[11.35638,44.49998,51.7],[11.35627,44.50077,51.8],[11.35624,44.50095,51.8],[11.35632,44.50099,52.0],[11.35731,44.50152,53.1],[11.35789,44.50181,49.8],[11.35802,44.50188,49.2],[11.35837,44.50207,48.5],[11.35852,44.50214,48.5],[11.35784,44.50241,46.5],[11.35728,44.50263,46.5],[11.35652,44.50293,47.2],[11.35537,44.5034,46.3],[11.35445,44.50376,48.2],[11.35368,44.50407,46.4],[11.35374,44.50421,46.6],[11.35382,44.5044,46.9],[11.35408,44.50492,46.6],[11.35413,44.50502,46.4],[11.35443,44.50563,45.4],[11.35477,44.50634,44.9],[11.35481,44.50641,44.8],[11.35495,44.50669,44.7],[11.35511,44.50704,45.6],[11.35521,44.50721,46.2],[11.35547,44.50772,46.9],[11.35549,44.50779,46.9],[11.35592,44.50869,47.7],[11.35641,44.50971,43.9],[11.35649,44.50986,43.3],[11.35681,44.51051,41.5],[11.35688,44.51063,41.2],[11.35696,44.51081,40.9],[11.3572,44.51131,40.3],[11.3573,44.5115,40.4],[11.35762,44.51216,41.4],[11.35788,44.51268,41.8],[11.35789,44.51271,41.8],[11.35855,44.51405,42.0],[11.35882,44.51461,41.6],[11.35951,44.51602,40.7],[11.35963,44.51626,40.2],[11.3597,44.5164,39.9],[11.35975,44.51648,39.7],[11.3602,44.51717,40.2],[11.36037,44.51743,40.1],[11.36069,44.51795,39.3],[11.36078,44.51811,39.1],[11.36081,44.51816,39.0],[11.36083,44.5182,39.0],[11.36098,44.51851,38.5],[11.36121,44.51901,38.2],[11.36147,44.51955,39.7],[11.36178,44.52004,40.3],[11.36198,44.52033,40.1],[11.3621,44.52052,39.9],[11.36271,44.52127,37.8],[11.36316,44.52185,37.1],[11.36348,44.52226,37.3],[11.36374,44.52261,37.7],[11.3638,44.52269,37.6],[11.36383,44.52274,37.6],[11.36386,44.52277,37.5],[11.3639,44.52283,37.4],[11.36432,44.52264,38.5],[11.36545,44.5221,39.0],[11.36651,44.52159,38.2],[11.36655,44.52157,38.2],[11.36698,44.52136,37.5],[11.36735,44.52119,36.8],[11.36741,44.52116,36.7],[11.3681,44.52083,36.8],[11.36871,44.52054,37.2],[11.36875,44.52052,37.2],[11.36967,44.52008,37.9],[11.37023,44.51981,38.4],[11.37048,44.51969,38.5],[11.3708,44.51953,38.6],[11.3711,44.51939,38.6],[11.37129,44.5193,38.7],[11.37153,44.51919,38.7],[11.37169,44.51911,38.8],[11.37181,44.51905,38.8],[11.37185,44.51901,38.8],[11.3719,44.519,38.8],[11.37201,44.51911,39.0],[11.37209,44.51919,39.1],[11.37223,44.51931,39.3],[11.37243,44.51949,39.4],[11.37385,44.5209,41.4],[11.37392,44.52098,41.2],[11.37396,44.52105,40.9],[11.374,44.52113,40.7],[11.37402,44.5212,40.5],[11.37403,44.52129,40.3],[11.37402,44.52139,40.1],[11.37398,44.5215,39.9],[11.37394,44.52159,39.7],[11.37386,44.52172,39.5],[11.37381,44.5218,39.4],[11.37378,44.52184,39.3],[11.37375,44.52187,39.3],[11.37384,44.52194,39.0],[11.37409,44.52229,37.9],[11.37414,44.52234,37.7],[11.37421,44.52239,37.5],[11.3743,44.52244,37.3],[11.37462,44.5226,36.5],[11.37465,44.52262,36.5],[11.37503,44.52288,36.1],[11.37543,44.52316,36.6],[11.37554,44.52322,36.8],[11.37561,44.52325,37.0],[11.37569,44.52329,37.1],[11.37581,44.52334,37.4],[11.37591,44.52337,37.5],[11.37602,44.52339,37.7],[11.37623,44.52342,38.1],[11.37631,44.52342,38.3],[11.37637,44.52342,38.5],[11.37643,44.52343,38.6],[11.37649,44.52343,38.7],[11.37658,44.52344,38.9],[11.37667,44.52344,39.0],[11.37678,44.52344,39.1],[11.37686,44.52344,39.1],[11.37692,44.52344,39.0],[11.37703,44.52343,38.9],[11.37712,44.52342,38.8],[11.3772,44.52342,38.7],[11.37727,44.52342,38.5],[11.37734,44.52342,38.4],[11.3774,44.52343,38.3],[11.37746,44.52345,38.2],[11.37755,44.52349,38.0],[11.37764,44.52355,37.9],[11.37787,44.52372,37.4],[11.37821,44.52399,36.6],[11.37847,44.5242,36.1],[11.37855,44.52428,36.1],[11.37869,44.5244,36.0],[11.37875,44.52445,36.0],[11.37882,44.52451,35.9],[11.37891,44.52456,35.8],[11.37896,44.52458,35.8],[11.37903,44.52459,35.8],[11.37905,44.52462,35.7],[11.37906,44.52465,35.7],[11.37908,44.52469,35.6],[11.37912,44.52473,35.5],[11.37947,44.52502,35.4],[11.37953,44.52507,35.4],[11.37998,44.52543,35.9],[11.38046,44.52582,36.4],[11.38064,44.52597,36.5],[11.38128,44.52651,36.1],[11.38227,44.52741,35.2],[11.38404,44.52901,35.1],[11.38418,44.52918,35.1],[11.38466,44.52982,33.4],[11.38475,44.52992,33.4],[11.38483,44.53002,33.5],[11.38494,44.53011,33.6],[11.38516,44.53027,34.0],[11.38548,44.53052,34.2],[11.38592,44.53082,34.4],[11.38641,44.53117,35.2],[11.38689,44.53152,35.2],[11.38737,44.53189,34.9],[11.38759,44.53208,34.7],[11.38779,44.5323,34.6],[11.38789,44.5324,34.6],[11.38808,44.5326,34.5],[11.38862,44.53317,34.0],[11.38893,44.53352,34.3],[11.38947,44.53416,34.2],[11.38992,44.53468,34.5],[11.39076,44.53574,32.1],[11.39086,44.53586,32.2],[11.39118,44.53627,33.1],[11.39124,44.53635,33.2],[11.39155,44.53673,33.8],[11.39188,44.53719,34.2],[11.39215,44.53757,33.6],[11.39251,44.53809,32.8],[11.39302,44.53882,32.6],[11.3931,44.53895,32.8],[11.39313,44.53899,32.8],[11.3933,44.53928,33.4],[11.3936,44.5398,34.0],[11.39386,44.54029,33.7],[11.394,44.5406,33.2],[11.39415,44.54093,33.2],[11.39431,44.54128,33.5],[11.3944,44.5415,33.7],[11.39442,44.54154,33.7],[11.39449,44.54152,33.6],[11.39451,44.54151,33.6],[11.39452,44.5415,33.6],[11.39486,44.54204,33.8],[11.3952,44.5426,34.0],[11.39545,44.54298,33.7],[11.39549,44.54303,33.7],[11.3955,44.54303,33.7],[11.39603,44.54285,33.7],[11.39676,44.5426,32.9],[11.39713,44.54247,32.3],[11.39776,44.54226,31.6],[11.39784,44.54223,31.5],[11.39786,44.54222,31.5],[11.39795,44.5422,31.5],[11.3987,44.54195,31.2],[11.39931,44.54174,30.9],[11.39875,44.54098,31.2],[11.39875,44.54098,31.2],[11.39921,44.54078,31.7],[11.40006,44.54042,32.2],[11.40063,44.54018,32.1],[11.40099,44.54066,31.8],[11.4011,44.54083,31.8],[11.40138,44.54126,31.0],[11.40207,44.54106,29.9],[11.40374,44.5406,28.6],[11.40443,44.54041,28.1],[11.40466,44.54073,28.5],[11.4051,44.54137,29.7],[11.40541,44.54183,30.7],[11.40582,44.54239,30.9],[11.40605,44.54272,30.4],[11.40609,44.54277,30.4],[11.40636,44.54269,30.2],[11.40636,44.54269,30.2],[11.40669,44.54258,30.1],[11.40727,44.5424,31.6],[11.4073,44.54239,31.7],[11.4073,44.54239,31.7],[11.40731,44.54239,31.7],[11.40747,44.54235,32.1],[11.40803,44.54218,31.8],[11.40855,44.54202,31.0],[11.40898,44.54188,29.9],[11.40941,44.54175,28.8],[11.41019,44.5415,28.2],[11.41082,44.5413,29.0],[11.41114,44.5412,29.4],[11.41144,44.54111,29.8],[11.41212,44.54089,30.5],[11.41264,44.54072,30.6],[11.41315,44.54056,30.1],[11.41375,44.54037,28.9],[11.41425,44.54021,28.0],[11.4148,44.54004,27.9],[11.4149,44.54001,27.9],[11.41483,44.53987,28.0],[11.41458,44.53947,28.4],[11.41458,44.53947,28.4],[11.41433,44.53907,29.0],[11.41433,44.53907,29.0],[11.41392,44.53842,29.6],[11.41392,44.53842,29.6],[11.41365,44.53797,29.1],[11.41365,44.53797,29.1],[11.41344,44.53763,28.6],[11.41344,44.53763,28.6],[11.41339,44.53755,28.6],[11.41308,44.53706,30.9],[11.41283,44.53665,32.3],[11.41271,44.53648,32.5],[11.4113,44.53422,31.2],[11.41126,44.53418,31.2],[11.41013,44.53233,31.5],[11.40949,44.53123,33.0],[11.40927,44.53087,34.1],[11.40911,44.53063,34.8],[11.40886,44.53034,35.7],[11.40886,44.53033,35.7],[11.40885,44.53032,35.7],[11.4086,44.53001,36.9],[11.40842,44.52972,37.7],[11.40827,44.52953,37.7],[11.40827,44.52953,37.7],[11.40811,44.52932,37.3],[11.40791,44.52909,36.8],[11.40746,44.52856,36.3],[11.40748,44.52856,36.3],[11.40749,44.52855,36.4],[11.40831,44.52822,37.7],[11.40925,44.52783,36.8],[11.41011,44.52747,36.0],[11.41055,44.52729,36.1],[11.41081,44.52721,36.2],[11.41143,44.52696,35.9],[11.41251,44.52651,35.2],[11.41305,44.52628,36.0],[11.41397,44.5259,37.3],[11.41439,44.52572,37.5],[11.4144,44.52571,37.5],[11.41442,44.5257,37.5],[11.41505,44.52599,36.5],[11.41574,44.52636,35.6],[11.41615,44.5266,35.9],[11.41643,44.52676,36.2],[11.41647,44.52678,36.3],[11.41648,44.52679,36.3],[11.41651,44.52681,36.3],[11.417,44.52711,36.7],[11.41742,44.52737,36.8],[11.41758,44.52746,36.8],[11.41763,44.5275,36.8],[11.41831,44.52791,36.1],[11.41927,44.5285,35.1],[11.41929,44.52851,35.1],[11.41929,44.52851,35.1],[11.41948,44.52869,34.6],[11.41948,44.52869,34.6],[11.41949,44.5287,34.6],[11.41974,44.52915,34.6],[11.41977,44.52919,34.6],[11.41987,44.52932,34.9],[11.41993,44.52934,35.0],[11.41997,44.52936,35.0],[11.41999,44.52931,35.0],[11.42003,44.52923,35.0],[11.42008,44.52916,34.9],[11.42011,44.52912,34.9],[11.42015,44.52907,34.8],[11.42019,44.52903,34.8],[11.42021,44.52901,34.8],[11.42023,44.52899,34.7],[11.42023,44.52898,34.7],[11.42025,44.52895,34.7],[11.42026,44.52892,34.6],[11.42027,44.52886,34.6],[11.42027,44.52875,34.4],[11.42027,44.52875,34.4],[11.42027,44.52872,34.3],[11.42028,44.52871,34.3],[11.42028,44.52871,34.3],[11.42028,44.52871,34.3],[11.42029,44.5287,34.3],[11.42031,44.52867,34.2],[11.42033,44.52866,34.2],[11.42037,44.52865,34.3],[11.42039,44.52865,34.3],[11.42042,44.52864,34.3],[11.42049,44.52863,34.4],[11.42054,44.52863,34.4],[11.42058,44.52862,34.5],[11.42061,44.52861,34.5],[11.42065,44.52859,34.5],[11.42068,44.52858,34.6],[11.42068,44.52858,34.6],[11.42072,44.52855,34.6],[11.42077,44.52851,34.7],[11.42077,44.52851,34.7],[11.42077,44.5285,34.7],[11.4208,44.52847,34.7],[11.42082,44.52844,34.7],[11.42085,44.52841,34.8],[11.42088,44.52838,34.8],[11.42091,44.52834,34.9],[11.42092,44.52831,34.9],[11.42092,44.52826,34.9],[11.42091,44.52823,34.9],[11.42089,44.52819,34.8],[11.42087,44.52817,34.8],[11.42085,44.52814,34.8],[11.42079,44.52809,34.7],[11.42074,44.52804,34.6],[11.42069,44.528,34.5],[11.42067,44.52799,34.4],[11.42063,44.52796,34.4],[11.42059,44.52793,34.4],[11.42056,44.52791,34.3],[11.42054,44.5279,34.3],[11.42051,44.52787,34.3],[11.42048,44.52785,34.3],[11.42046,44.52784,34.3],[11.42045,44.52782,34.3],[11.42044,44.52781,34.3],[11.42043,44.52779,34.3],[11.42042,44.52777,34.4],[11.42042,44.52775,34.4],[11.42042,44.52773,34.4],[11.42042,44.52769,34.5],[11.42043,44.52768,34.5],[11.42043,44.52766,34.5],[11.42044,44.52762,34.6],[11.42046,44.52758,34.6],[11.42049,44.52753,34.7],[11.4205,44.5275,34.7],[11.42056,44.52745,34.8],[11.42058,44.52742,34.8],[11.42058,44.52741,34.8],[11.42069,44.52727,34.8],[11.42084,44.52706,34.6],[11.4209,44.52696,34.6],[11.42099,44.52684,34.5],[11.421,44.52681,34.5],[11.421,44.52681,34.5],[11.421,44.52678,34.4],[11.42099,44.52663,34.3],[11.42098,44.52653,34.1],[11.42097,44.52644,34.0],[11.42096,44.52633,33.9],[11.42096,44.52626,33.8],[11.42095,44.52623,33.8],[11.42095,44.52617,33.7],[11.42095,44.52614,33.6],[11.42095,44.52613,33.6],[11.42095,44.52611,33.6],[11.42095,44.52609,33.6],[11.42097,44.52607,33.6],[11.42098,44.52606,33.6],[11.421,44.52602,33.5],[11.421,44.52602,33.5],[11.421,44.52602,33.5],[11.42102,44.52599,33.5],[11.42103,44.52598,33.5],[11.42106,44.52594,33.5],[11.42108,44.52592,33.5],[11.42111,44.52588,33.5],[11.42127,44.52573,33.6],[11.42134,44.52565,33.6],[11.42139,44.5256,33.6],[11.42143,44.52552,33.4],[11.42143,44.5255,33.4],[11.42153,44.52531,32.9],[11.42155,44.52526,32.7],[11.42155,44.52526,32.7],[11.42158,44.52519,32.5],[11.42159,44.52515,32.4],[11.4216,44.52512,32.3],[11.4216,44.52489,31.9],[11.42158,44.52481,31.9],[11.42152,44.52466,32.2],[11.42145,44.52453,32.6],[11.42138,44.52443,33.0],[11.42133,44.52434,33.3],[11.42132,44.52432,33.3],[11.42131,44.52429,33.4],[11.42131,44.52429,33.4],[11.42129,44.52425,33.5],[11.42128,44.52424,33.5],[11.42128,44.52424,33.5],[11.42128,44.52424,33.5],[11.42128,44.52423,33.5],[11.42129,44.52414,33.7],[11.42129,44.52409,33.7],[11.42131,44.52402,33.8],[11.42142,44.52402,33.8],[11.42151,44.52402,33.8],[11.42158,44.52401,33.8],[11.42183,44.52393,33.9],[11.42204,44.52387,34.0],[11.42239,44.52375,34.2],[11.42271,44.52364,34.6],[11.42288,44.52359,34.8],[11.42301,44.52355,34.9],[11.42367,44.52338,34.7],[11.42384,44.52333,34.4],[11.42417,44.52324,34.0],[11.42446,44.52316,33.9],[11.42469,44.5231,33.9],[11.42499,44.52302,34.0],[11.425,44.52301,34.0],[11.42522,44.52295,34.2],[11.42526,44.52292,34.2],[11.42533,44.52289,34.4],[11.42534,44.52289,34.4],[11.42538,44.52277,34.4],[11.42538,44.52277,34.4],[11.42533,44.52273,34.3],[11.4247,44.52195,35.3],[11.42469,44.52194,35.3],[11.42449,44.52167,36.2],[11.42449,44.52167,36.2],[11.42447,44.52164,36.2],[11.42444,44.52159,36.3],[11.42444,44.52159,36.3],[11.42442,44.52153,36.4],[11.42432,44.52125,36.4],[11.42427,44.52103,36.1],[11.42429,44.52082,36.0],[11.42432,44.52068,36.0],[11.4244,44.52047,36.3],[11.42469,44.52002,37.5],[11.4247,44.51999,37.6],[11.42473,44.51992,37.8],[11.42474,44.51987,37.8],[11.42474,44.51985,37.8],[11.42473,44.51966,37.9],[11.42472,44.51963,37.8],[11.42473,44.51963,37.8],[11.42474,44.51962,37.9],[11.42524,44.51946,38.0],[11.42598,44.51922,36.6],[11.42636,44.51909,35.9],[11.42646,44.51905,35.7],[11.42647,44.51905,35.7],[11.42679,44.51957,35.1],[11.4268,44.51958,35.1],[11.42729,44.52035,35.6],[11.42733,44.52042,35.6],[11.42757,44.52081,35.3],[11.42807,44.52061,35.1],[11.42872,44.52034,35.9],[11.42919,44.52014,36.7],[11.42997,44.51984,36.8],[11.43001,44.51983,36.8],[11.43031,44.5197,36.5],[11.43031,44.5197,36.5],[11.43038,44.51962,36.4],[11.42951,44.51853,36.7],[11.42951,44.51853,36.7],[11.42868,44.51749,36.8],[11.42699,44.51536,37.3],[11.42699,44.51536,37.3],[11.43261,44.51352,37.8],[11.43371,44.51316,39.4],[11.43368,44.51311,39.3],[11.43368,44.51311,39.3],[11.43351,44.51286,39.1],[11.43351,44.51286,39.1],[11.43341,44.51271,39.0],[11.43321,44.51242,38.6],[11.43321,44.51242,38.6],[11.43298,44.51205,38.2],[11.43288,44.51189,38.1],[11.43288,44.51189,38.1],[11.43259,44.5114,37.9],[11.43259,44.5114,37.9],[11.43246,44.51119,38.0],[11.43246,44.51119,38.0],[11.4322,44.51081,38.6],[11.4322,44.51081,38.6],[11.43202,44.51057,39.7],[11.43202,44.51057,39.7],[11.43177,44.51024,41.0],[11.43177,44.51024,41.0],[11.43173,44.5102,41.2],[11.43173,44.5102,41.2],[11.43123,44.50954,43.3],[11.43123,44.50954,43.3],[11.43106,44.50932,43.7],[11.43045,44.50856,43.8],[11.43034,44.50842,43.4],[11.42902,44.50674,41.9],[11.42896,44.50665,42.1],[11.42896,44.50665,42.1],[11.42888,44.50656,42.3],[11.42885,44.50651,42.3],[11.42884,44.50651,42.4],[11.42884,44.5065,42.4],[11.42883,44.50647,42.3],[11.42883,44.50645,42.3],[11.42883,44.50643,42.3],[11.42884,44.50641,42.2],[11.42885,44.50639,42.1],[11.42889,44.50635,42.0],[11.42889,44.50635,42.0],[11.42895,44.50628,41.6],[11.42836,44.50556,40.7],[11.42831,44.50568,40.9],[11.4283,44.50573,41.0],[11.42824,44.5058,41.1],[11.42787,44.50586,41.4],[11.42777,44.50588,41.4],[11.42747,44.50602,42.1],[11.42747,44.50602,42.1],[11.42727,44.50554,42.0],[11.42698,44.50484,43.5],[11.42679,44.50437,44.8],[11.4266,44.50389,45.1],[11.42643,44.50349,44.0],[11.42598,44.50233,43.7],[11.42596,44.50229,43.6],[11.42581,44.5019,43.2],[11.42573,44.50171,43.1],[11.42555,44.50127,43.5],[11.42555,44.50127,43.5],[11.42542,44.50103,43.8],[11.42542,44.50103,43.8],[11.42542,44.50103,43.8],[11.42513,44.50061,44.6],[11.42511,44.50061,44.6],[11.42404,44.50097,43.5],[11.42313,44.50121,42.2],[11.42313,44.50121,42.2],[11.42313,44.50121,42.2],[11.42312,44.50118,42.3],[11.42299,44.50069,43.9],[11.42296,44.50052,44.3],[11.42296,44.50052,44.3],[11.42294,44.50046,44.4],[11.42288,44.50021,44.8],[11.42287,44.50014,44.9],[11.42286,44.5001,44.9],[11.42272,44.4995,45.5],[11.42248,44.49845,45.8],[11.42245,44.49839,45.8],[11.42241,44.49839,45.7],[11.42193,44.49843,43.8],[11.42186,44.49844,43.7],[11.42162,44.49845,43.7],[11.42125,44.49846,44.5],[11.42085,44.49846,45.2],[11.42053,44.49844,45.5],[11.4205,44.4984,45.5],[11.4205,44.4984,45.5],[11.4205,44.49839,45.5],[11.41956,44.49711,46.8],[11.41946,44.49697,46.3],[11.41944,44.49694,46.2],[11.4194,44.49689,46.0],[11.4194,44.49689,46.0],[11.41939,44.49688,45.9],[11.41939,44.49688,45.9],[11.41925,44.49668,45.4],[11.4216,44.49619,48.2],[11.42169,44.49617,48.2],[11.42166,44.49613,48.2],[11.42166,44.49613,48.2],[11.41841,44.49251,42.4],[11.41843,44.49251,42.4],[11.41845,44.4925,42.3],[11.41858,44.49246,42.2],[11.41856,44.49243,42.4],[11.41856,44.49243,42.4],[11.41848,44.49233,43.1],[11.41848,44.49232,43.2],[11.41848,44.49232,43.2],[11.41789,44.4915,48.0],[11.41789,44.4915,48.0],[11.41728,44.49062,49.4],[11.41728,44.49062,49.4],[11.41804,44.49037,49.8],[11.42002,44.48973,47.8],[11.42407,44.48896,47.4],[11.42407,44.48896,47.4],[11.42407,44.48898,47.4],[11.42425,44.4894,47.6],[11.42447,44.48991,48.1],[11.42447,44.48991,48.1],[11.42452,44.49012,48.5],[11.42455,44.49022,48.7],[11.42461,44.4902,48.6],[11.42465,44.49019,48.6],[11.42466,44.49019,48.6],[11.42478,44.49015,48.5],[11.42482,44.49013,48.5],[11.42644,44.48955,48.1],[11.42728,44.48927,47.4],[11.42612,44.48747,48.3],[11.42612,44.48747,48.3],[11.42607,44.48739,48.6],[11.42599,44.48737,48.7],[11.42584,44.48733,48.7],[11.4257,44.4873,48.6],[11.4255,44.4873,48.3],[11.42528,44.48723,48.3],[11.42511,44.48715,48.5],[11.42498,44.48709,48.5],[11.42491,44.48705,48.6],[11.42491,44.48705,48.6],[11.42485,44.487,48.6],[11.42485,44.487,48.6],[11.42466,44.48682,48.8],[11.42466,44.48682,48.8],[11.42454,44.48665,49.0],[11.42441,44.48649,49.0],[11.42438,44.48643,49.0],[11.42432,44.48633,48.9],[11.42421,44.48623,48.8],[11.42421,44.48623,48.8],[11.42415,44.48618,48.8],[11.42415,44.48618,48.8],[11.42412,44.48614,48.8],[11.42406,44.48605,48.9],[11.42402,44.48594,49.0],[11.42397,44.48591,49.1],[11.42394,44.48589,49.1],[11.42394,44.48589,49.1],[11.42394,44.48589,49.1],[11.42393,44.48586,49.2],[11.42398,44.4858,49.2],[11.42404,44.48571,49.3],[11.42433,44.48546,49.1],[11.42475,44.48528,48.3],[11.42512,44.48507,47.4],[11.42534,44.48498,47.0],[11.42543,44.48494,46.9],[11.42573,44.4848,46.8],[11.42568,44.4847,47.0],[11.42568,44.4847,47.0],[11.4255,44.48453,47.7],[11.4255,44.48453,47.7],[11.42538,44.4844,48.3],[11.42538,44.4844,48.3],[11.42534,44.48435,48.4],[11.42509,44.48424,48.6],[11.42471,44.48412,48.6],[11.42447,44.48406,48.6],[11.42394,44.48396,49.2],[11.42362,44.48392,49.9],[11.42318,44.4839,50.8],[11.42281,44.48386,51.7],[11.42222,44.48385,52.5],[11.42161,44.48387,52.9],[11.42154,44.48388,53.0],[11.42151,44.48388,53.0],[11.4215,44.48388,53.0],[11.42149,44.48388,53.0],[11.4214,44.48389,53.0],[11.42108,44.48391,53.0],[11.42077,44.48394,52.7],[11.41997,44.48399,51.3],[11.41899,44.484,52.3],[11.41867,44.484,52.9],[11.41849,44.484,53.1],[11.41818,44.48401,52.9],[11.418,44.48407,52.5],[11.41784,44.48408,52.2],[11.41766,44.48409,51.9],[11.41764,44.48409,51.8],[11.41754,44.4841,51.7],[11.41746,44.4841,51.6],[11.41745,44.4841,51.5],[11.41705,44.4841,51.2],[11.41691,44.4841,51.2],[11.41662,44.48394,51.3],[11.41622,44.48388,50.8],[11.41603,44.48386,50.4],[11.41603,44.48386,50.4],[11.41598,44.48383,50.4],[11.41587,44.48373,50.7],[11.41587,44.48373,50.7],[11.41571,44.4836,50.9],[11.41571,44.4836,50.9],[11.41571,44.4836,50.9],[11.4155,44.48332,51.1],[11.41542,44.48314,51.2],[11.4154,44.48309,51.2],[11.41537,44.48306,51.2],[11.41532,44.48293,51.2],[11.41532,44.48292,51.2],[11.4153,44.4829,51.2],[11.41521,44.48274,51.0],[11.41519,44.48269,51.0],[11.41509,44.48271,51.1],[11.41509,44.48271,51.1],[11.41509,44.48271,51.1],[11.41502,44.4826,51.3],[11.415,44.4825,51.5],[11.41499,44.48222,52.0],[11.41506,44.48204,51.7],[11.41505,44.48202,51.8],[11.41504,44.482,51.9],[11.41502,44.48196,52.2],[11.41485,44.48183,54.5],[11.41475,44.48176,55.9],[11.41467,44.4817,56.9],[11.41435,44.48158,59.6],[11.4143,44.48156,59.9],[11.41424,44.48154,60.2],[11.41402,44.48147,61.1],[11.41393,44.48144,61.3],[11.41368,44.48141,61.8],[11.41328,44.48131,61.6],[11.41297,44.48123,61.4],[11.41265,44.48115,61.3],[11.41236,44.481,59.7],[11.41236,44.481,59.7],[11.41219,44.48086,58.6],[11.41219,44.48086,58.6],[11.41211,44.4808,58.1],[11.41195,44.48072,57.3],[11.41191,44.4807,57.0],[11.41188,44.48071,57.1],[11.41182,44.48072,57.1],[11.41167,44.48079,57.4],[11.41148,44.48086,57.4],[11.41108,44.48102,56.7],[11.41105,44.48103,56.6],[11.41059,44.48122,56.1],[11.41023,44.48136,55.9],[11.40988,44.4815,55.4],[11.40961,44.48161,55.1],[11.40931,44.48173,54.8],[11.40895,44.48188,54.9],[11.40863,44.48201,54.7],[11.40825,44.48216,54.0],[11.40794,44.48228,53.4],[11.40759,44.48242,52.8],[11.40721,44.48257,52.3],[11.40679,44.48274,52.1],[11.4064,44.4829,51.8],[11.40611,44.48302,52.0],[11.40587,44.48311,52.3],[11.4054,44.4833,52.5],[11.40516,44.4834,52.7],[11.40482,44.48354,52.8],[11.40438,44.48371,52.7],[11.40397,44.48388,52.7],[11.40343,44.4841,52.9],[11.40285,44.48433,54.6],[11.40239,44.48452,55.7],[11.40204,44.48466,57.3],[11.40195,44.48469,57.7],[11.4014,44.48491,58.1],[11.40103,44.48506,57.6],[11.40061,44.48523,57.3],[11.40057,44.48525,57.3],[11.40013,44.48542,57.3],[11.39973,44.48558,57.1],[11.3992,44.4858,56.7],[11.39902,44.48587,56.5],[11.39868,44.48601,55.9],[11.39817,44.48622,56.0],[11.39789,44.48633,56.7],[11.3976,44.48645,57.3],[11.39711,44.48664,56.5],[11.3968,44.48677,55.8],[11.39669,44.48681,55.6],[11.39631,44.48697,54.9],[11.39584,44.48716,54.4],[11.3952,44.48741,54.9],[11.39469,44.48762,55.6],[11.39451,44.4877,55.9],[11.39417,44.48783,56.5],[11.39378,44.48799,56.8],[11.39373,44.48801,56.9],[11.3931,44.48827,56.5],[11.3925,44.4885,55.8],[11.39156,44.48888,54.7],[11.39114,44.48905,54.6],[11.391,44.4891,54.6],[11.39091,44.48914,54.6],[11.39015,44.48944,54.0],[11.38916,44.48983,51.4],[11.38891,44.48992,51.3],[11.38894,44.48997,51.3],[11.38868,44.49007,51.4],[11.38834,44.49019,51.6],[11.38796,44.49033,51.7],[11.38785,44.49038,51.7],[11.3878,44.4904,51.7],[11.38773,44.49043,51.7],[11.3874,44.49056,51.8],[11.38698,44.49073,52.0],[11.38633,44.49099,52.3],[11.38429,44.49184,53.7],[11.38426,44.49181,53.6],[11.38423,44.49171,53.4],[11.38421,44.49162,53.1],[11.38419,44.49155,53.0],[11.38417,44.49149,52.9],[11.38422,44.49149,52.9],[11.38349,44.48923,53.9],[11.38287,44.48934,55.0],[11.38235,44.48946,55.7],[11.38178,44.48958,55.2],[11.38162,44.48961,55.0],[11.38152,44.48964,54.8],[11.38149,44.48965,54.8],[11.38139,44.48967,54.7],[11.38116,44.48975,54.3],[11.38111,44.48976,54.2],[11.38107,44.48976,54.2],[11.38099,44.48977,54.1],[11.38093,44.48977,54.1],[11.38082,44.48976,54.1],[11.38076,44.48976,54.1],[11.38048,44.48971,54.3],[11.38034,44.48969,54.5],[11.38026,44.48968,54.6],[11.38017,44.48967,54.7],[11.38011,44.48968,54.8],[11.37995,44.48969,55.0],[11.37988,44.48969,55.2],[11.37962,44.48974,55.9],[11.3792,44.48989,57.3],[11.37913,44.4899,57.6],[11.37894,44.48997,58.2],[11.37881,44.49001,58.7],[11.3787,44.49003,58.9],[11.37856,44.48968,59.9],[11.3785,44.48957,60.1],[11.37831,44.48923,59.7],[11.3782,44.48904,59.1],[11.37801,44.48863,57.2],[11.37799,44.48858,56.9],[11.37795,44.48846,56.4],[11.37791,44.48838,56.0],[11.37771,44.48781,56.3],[11.37769,44.48778,56.4],[11.3773,44.48661,58.9],[11.37724,44.48649,59.2],[11.37711,44.48652,59.0],[11.37653,44.48662,59.3],[11.3764,44.48664,59.6],[11.37629,44.48665,59.8],[11.3762,44.48665,60.0],[11.37616,44.48665,60.1],[11.3761,44.48665,60.2]]]]}},{"type":"Feature","properties":{"cod_quar":15,"quartiere":"Santo Stefano","bbox":[11.28108,44.42111,11.37649,44.50578]},"geometry":{"type":"MultiPolygon","coordinates":[[[[11.35768,44.47665,90.5],[11.35763,44.47662,90.5],[11.3576,44.4766,90.5],[11.35751,44.47652,90.5],[11.3573,44.47633,90.1],[11.35711,44.47617,89.2],[11.35707,44.47612,88.9],[11.35703,44.47604,88.6],[11.35698,44.47586,88.1],[11.35691,44.47572,88.2],[11.35688,44.4755,90.1],[11.35703,44.47531,90.9],[11.3572,44.47512,91.6],[11.35729,44.47499,92.1],[11.35735,44.47487,92.5],[11.35747,44.47474,92.7],[11.3575,44.47469,92.8],[11.35753,44.47467,92.7],[11.35759,44.47464,92.8],[11.35788,44.47425,93.4],[11.358,44.47408,94.3],[11.35805,44.47393,95.1],[11.35805,44.47387,95.3],[11.35803,44.4738,95.5],[11.35798,44.47375,95.3],[11.35792,44.4737,95.3],[11.35783,44.47364,95.4],[11.35778,44.47358,95.9],[11.35776,44.47354,96.2],[11.35777,44.47348,96.8],[11.35779,44.47345,97.2],[11.35781,44.47338,98.0],[11.35785,44.47333,98.8],[11.35791,44.47329,99.5],[11.35793,44.47326,100.0],[11.35801,44.47319,101.2],[11.35806,44.47318,101.6],[11.35809,44.47317,101.9],[11.35807,44.47314,102.1],[11.35808,44.47311,102.4],[11.35814,44.47309,103.0],[11.35818,44.47307,103.4],[11.3582,44.47304,103.8],[11.35822,44.47292,104.8],[11.35825,44.47283,105.6],[11.35827,44.4728,105.8],[11.35832,44.47278,106.1],[11.35837,44.47277,106.3],[11.35842,44.47276,106.6],[11.35849,44.47273,107.1],[11.35862,44.47263,108.8],[11.35883,44.4724,111.8],[11.35893,44.47233,112.4],[11.35898,44.47223,112.5],[11.35897,44.47219,112.2],[11.35893,44.47215,111.4],[11.35881,44.47206,108.1],[11.3588,44.47203,107.5],[11.35878,44.47199,106.8],[11.35879,44.47193,106.6],[11.35889,44.47181,108.1],[11.35899,44.47174,109.7],[11.359,44.47166,110.3],[11.35899,44.47161,110.7],[11.359,44.47153,111.3],[11.35902,44.47147,111.7],[11.35904,44.47142,111.9],[11.35907,44.47128,112.4],[11.35908,44.47123,112.6],[11.35909,44.47113,113.0],[11.3591,44.4711,113.1],[11.35912,44.47101,113.3],[11.35915,44.47094,113.2],[11.35918,44.47092,113.1],[11.35942,44.47085,113.1],[11.3595,44.47081,113.4],[11.35962,44.47075,114.2],[11.35966,44.47072,114.6],[11.35973,44.47062,115.3],[11.35982,44.47043,116.4],[11.35987,44.47035,117.3],[11.35987,44.47026,117.7],[11.35985,44.47013,118.0],[11.35973,44.46991,116.4],[11.35964,44.46974,115.6],[11.35942,44.46936,115.9],[11.35923,44.46905,117.4],[11.35915,44.46892,118.0],[11.35902,44.46884,119.7],[11.35898,44.46868,119.9],[11.35883,44.46843,120.9],[11.35874,44.46836,121.3],[11.35863,44.46828,121.8],[11.35858,44.46822,121.9],[11.35855,44.46817,121.7],[11.35847,44.46805,121.3],[11.35829,44.46784,121.7],[11.35825,44.46777,122.0],[11.35817,44.46758,121.9],[11.3581,44.46744,122.0],[11.35806,44.46733,122.2],[11.35803,44.46728,122.5],[11.358,44.4672,122.9],[11.35786,44.46701,123.8],[11.35767,44.46681,124.3],[11.35729,44.46656,127.0],[11.35697,44.46637,129.6],[11.35672,44.46624,131.7],[11.35624,44.46594,135.1],[11.35585,44.46578,137.0],[11.35556,44.46563,138.1],[11.3553,44.46555,139.2],[11.35498,44.46546,141.5],[11.35489,44.46543,142.1],[11.35486,44.46541,142.2],[11.35479,44.46535,142.5],[11.35471,44.46523,142.6],[11.35467,44.46516,142.7],[11.35463,44.4651,142.9],[11.35458,44.465,143.4],[11.35453,44.46493,144.0],[11.35447,44.46483,145.0],[11.35444,44.46477,145.7],[11.3544,44.4647,146.8],[11.35434,44.46459,148.6],[11.35431,44.46456,149.3],[11.35428,44.46453,149.9],[11.35424,44.46451,150.6],[11.35418,44.46448,151.5],[11.35405,44.46444,152.9],[11.35399,44.46443,153.4],[11.35393,44.46442,153.8],[11.35385,44.4644,154.6],[11.35365,44.46434,156.7],[11.3535,44.46429,158.5],[11.35333,44.46422,160.7],[11.3532,44.46416,162.4],[11.35302,44.46407,164.8],[11.35285,44.46398,167.3],[11.35271,44.46387,169.6],[11.35259,44.46377,171.3],[11.35244,44.46368,173.0],[11.35237,44.46361,174.0],[11.35195,44.46332,176.7],[11.35182,44.46318,177.9],[11.35167,44.46301,179.3],[11.35153,44.46287,180.4],[11.35141,44.46275,181.6],[11.35133,44.46265,182.5],[11.35115,44.46246,184.2],[11.35109,44.46236,184.5],[11.35102,44.46227,184.9],[11.35096,44.4622,185.5],[11.35087,44.46195,186.6],[11.35078,44.46182,187.7],[11.35061,44.46162,190.0],[11.35045,44.4614,193.5],[11.35024,44.4604,202.4],[11.35018,44.46017,205.3],[11.35012,44.45998,208.2],[11.35011,44.45986,209.8],[11.35016,44.45969,212.0],[11.35026,44.45956,213.7],[11.35033,44.45952,214.5],[11.35042,44.45951,215.2],[11.35045,44.45948,215.9],[11.35048,44.45942,217.0],[11.35051,44.45933,218.5],[11.35054,44.45924,220.2],[11.35056,44.45917,221.6],[11.35059,44.4591,223.2],[11.35061,44.45905,224.3],[11.35062,44.45901,225.2],[11.35074,44.45895,227.9],[11.35082,44.4589,230.1],[11.35093,44.45884,232.9],[11.35108,44.45879,236.1],[11.35119,44.45875,238.7],[11.35128,44.45875,240.1],[11.35189,44.45875,251.2],[11.35175,44.45855,250.5],[11.35156,44.45847,248.5],[11.3513,44.45844,245.6],[11.35122,44.45842,245.1],[11.35108,44.45841,243.9],[11.35094,44.45839,243.2],[11.35082,44.45837,243.0],[11.35074,44.45835,243.1],[11.35065,44.45831,244.0],[11.35053,44.45826,245.1],[11.35049,44.45826,245.0],[11.35044,44.45824,245.5],[11.35041,44.45822,246.0],[11.35037,44.4582,246.5],[11.35033,44.45819,246.8],[11.35028,44.45816,247.6],[11.35023,44.45814,248.3],[11.35019,44.45812,249.0],[11.35014,44.45811,249.4],[11.35009,44.4581,249.9],[11.35002,44.45809,250.5],[11.34997,44.45809,250.6],[11.34991,44.45809,250.8],[11.34985,44.45808,251.3],[11.3498,44.45808,251.4],[11.34974,44.45807,251.9],[11.34968,44.45807,251.9],[11.34962,44.45806,252.3],[11.34958,44.45807,252.1],[11.34954,44.45807,252.1],[11.34948,44.45807,252.1],[11.34941,44.45809,251.7],[11.34936,44.45811,251.3],[11.34932,44.45811,251.4],[11.34927,44.4581,251.7],[11.34902,44.45817,250.9],[11.34896,44.45818,250.9],[11.34881,44.4582,250.8],[11.34872,44.45821,250.7],[11.34867,44.45822,250.6],[11.34863,44.45823,250.4],[11.34859,44.45825,250.1],[11.34855,44.45828,249.7],[11.34853,44.45831,249.2],[11.34851,44.45833,248.9],[11.34847,44.45836,248.5],[11.34842,44.45839,248.1],[11.34835,44.45843,247.6],[11.34829,44.45845,247.3],[11.34824,44.45846,247.3],[11.34819,44.45846,247.3],[11.34814,44.45842,247.6],[11.34819,44.45838,248.0],[11.34823,44.45836,248.2],[11.34821,44.45832,248.5],[11.34819,44.45827,248.7],[11.34819,44.45811,249.6],[11.3482,44.45781,251.9],[11.3482,44.45759,254.0],[11.3482,44.45745,255.4],[11.3482,44.45736,256.4],[11.34819,44.45726,257.2],[11.34817,44.45715,257.9],[11.34815,44.45704,258.4],[11.34813,44.45694,258.6],[11.34811,44.45681,258.7],[11.34811,44.45668,259.3],[11.34811,44.45665,259.4],[11.34813,44.45657,260.1],[11.34817,44.45648,261.2],[11.3482,44.45642,262.0],[11.34826,44.45633,263.5],[11.34831,44.45625,264.5],[11.34841,44.4561,265.9],[11.34847,44.456,266.6],[11.3485,44.45593,267.0],[11.3485,44.45589,266.9],[11.3485,44.45584,266.9],[11.34848,44.45576,266.7],[11.34842,44.45567,265.8],[11.34838,44.45562,265.2],[11.34833,44.45558,264.3],[11.34826,44.45554,262.8],[11.3482,44.4555,261.7],[11.34813,44.45543,260.6],[11.34807,44.45539,259.5],[11.34804,44.45536,259.1],[11.34802,44.45531,259.0],[11.34801,44.45527,259.1],[11.348,44.45524,259.2],[11.34799,44.45518,259.5],[11.34798,44.45509,260.3],[11.34797,44.45497,261.7],[11.34796,44.45487,262.8],[11.34794,44.45482,262.9],[11.3479,44.45476,262.6],[11.34786,44.45472,262.1],[11.3478,44.45471,260.7],[11.34763,44.45469,256.8],[11.34756,44.45467,255.2],[11.34747,44.45464,252.8],[11.34743,44.45461,251.8],[11.34738,44.45458,250.5],[11.34733,44.45454,249.3],[11.34729,44.45448,248.6],[11.34727,44.45441,248.5],[11.34725,44.45432,248.3],[11.34724,44.45414,248.5],[11.34724,44.45407,248.5],[11.34725,44.45401,248.9],[11.34728,44.45394,249.7],[11.34735,44.4538,251.5],[11.34745,44.4536,253.6],[11.34753,44.45342,255.1],[11.34757,44.45332,255.7],[11.34761,44.4532,256.2],[11.34765,44.45305,256.7],[11.34767,44.45294,257.0],[11.34767,44.45289,256.9],[11.34767,44.45283,256.9],[11.34765,44.45275,256.4],[11.34763,44.45271,255.9],[11.34756,44.45264,253.9],[11.34746,44.45259,250.8],[11.34737,44.45257,248.0],[11.34727,44.45254,245.3],[11.34716,44.45249,242.9],[11.34708,44.45245,241.2],[11.34701,44.45243,239.5],[11.3469,44.45241,236.7],[11.34675,44.4524,233.0],[11.34668,44.4524,231.2],[11.3466,44.45239,229.3],[11.34653,44.45236,227.9],[11.34647,44.45233,226.8],[11.3464,44.45228,226.1],[11.34634,44.45221,225.9],[11.34629,44.45211,226.3],[11.34625,44.45202,226.4],[11.34624,44.45198,226.6],[11.34623,44.45193,227.0],[11.34624,44.45188,227.8],[11.34625,44.45185,228.3],[11.34625,44.45182,228.6],[11.34629,44.45177,229.9],[11.34631,44.45172,230.9],[11.34633,44.45168,231.8],[11.34634,44.45164,232.5],[11.34633,44.45159,232.8],[11.3463,44.45155,232.6],[11.34627,44.45151,232.4],[11.34617,44.45141,231.4],[11.34612,44.45135,230.9],[11.34608,44.45129,230.6],[11.34605,44.45124,230.5],[11.34604,44.45121,230.6],[11.34597,44.45106,231.0],[11.34596,44.45102,231.2],[11.34596,44.45092,232.3],[11.34592,44.45077,233.4],[11.34586,44.45068,233.4],[11.34582,44.45064,233.2],[11.34576,44.45061,232.8],[11.34559,44.45047,232.7],[11.34553,44.45041,232.8],[11.34547,44.45034,233.1],[11.34544,44.45029,233.5],[11.34538,44.45021,234.2],[11.34533,44.4501,235.4],[11.34529,44.45001,236.6],[11.34525,44.44996,237.3],[11.34521,44.44992,237.8],[11.34512,44.44986,238.5],[11.34487,44.44972,238.6],[11.34461,44.44959,236.8],[11.34441,44.44951,237.6],[11.34422,44.44946,240.2],[11.34404,44.44942,241.9],[11.34391,44.4494,242.3],[11.34398,44.44938,241.8],[11.34404,44.44937,241.4],[11.3441,44.44936,241.1],[11.34417,44.44936,240.8],[11.34426,44.44935,240.3],[11.34434,44.44935,239.9],[11.3444,44.44935,239.5],[11.34446,44.44935,239.2],[11.34451,44.44936,238.9],[11.34456,44.44936,238.8],[11.34461,44.44937,238.6],[11.34466,44.44938,238.6],[11.34476,44.4494,238.7],[11.34482,44.44942,238.7],[11.3449,44.44944,238.7],[11.34521,44.44956,238.6],[11.34547,44.44965,239.4],[11.34557,44.44967,239.7],[11.34568,44.4497,239.9],[11.34572,44.44967,240.0],[11.3458,44.44964,240.1],[11.34589,44.44963,240.1],[11.34599,44.44962,240.1],[11.34609,44.44962,240.2],[11.34619,44.44962,240.3],[11.34649,44.44964,241.2],[11.34679,44.44966,242.2],[11.34716,44.44969,243.9],[11.34721,44.44969,244.0],[11.34728,44.44969,244.2],[11.34736,44.44969,244.4],[11.34744,44.44968,244.4],[11.34757,44.44965,243.9],[11.34767,44.44961,243.2],[11.34778,44.44959,243.1],[11.34795,44.44956,243.3],[11.34805,44.44954,243.4],[11.34817,44.44953,243.8],[11.34831,44.4495,243.2],[11.3484,44.44948,242.9],[11.34852,44.44942,242.0],[11.34855,44.44941,242.0],[11.34864,44.44937,242.0],[11.34874,44.44933,242.3],[11.34884,44.4493,242.8],[11.34895,44.44928,243.6],[11.34912,44.44924,244.3],[11.34931,44.44921,244.7],[11.34939,44.4492,244.8],[11.34961,44.4492,245.0],[11.34977,44.44923,244.9],[11.34983,44.44925,244.9],[11.35003,44.44935,245.1],[11.35018,44.44938,244.3],[11.3504,44.44938,242.2],[11.35045,44.44939,241.8],[11.35053,44.4494,241.0],[11.35057,44.44942,240.7],[11.35068,44.44947,239.7],[11.35088,44.44959,237.8],[11.351,44.44966,236.1],[11.35105,44.44971,235.3],[11.3511,44.44978,234.5],[11.35111,44.44984,234.4],[11.35112,44.44989,234.2],[11.35109,44.45005,234.9],[11.35103,44.45024,236.2],[11.35098,44.45045,237.2],[11.35097,44.45054,237.5],[11.35097,44.45062,237.8],[11.35096,44.45071,238.4],[11.35096,44.45083,239.2],[11.35098,44.45089,239.3],[11.35103,44.45107,239.7],[11.35111,44.45129,240.0],[11.35116,44.45144,240.9],[11.35123,44.45165,241.8],[11.35127,44.45182,242.4],[11.35129,44.45189,242.4],[11.3513,44.45193,242.4],[11.35131,44.45198,242.6],[11.35132,44.45202,242.6],[11.35133,44.45207,242.7],[11.35135,44.4521,242.3],[11.35136,44.45213,242.3],[11.35142,44.45222,241.3],[11.35145,44.4523,241.1],[11.35148,44.45236,240.7],[11.35151,44.45242,240.3],[11.35152,44.45246,240.3],[11.35154,44.45249,239.9],[11.35156,44.45254,239.8],[11.35161,44.45263,239.0],[11.35167,44.45271,237.7],[11.35179,44.45288,235.3],[11.35182,44.45292,234.7],[11.35184,44.45295,234.3],[11.35189,44.45298,233.0],[11.35192,44.45301,232.3],[11.35195,44.45303,231.6],[11.35201,44.45308,230.2],[11.35206,44.45306,228.7],[11.35213,44.45303,226.8],[11.35219,44.45302,225.3],[11.35231,44.453,222.6],[11.35241,44.45298,220.3],[11.35262,44.45293,216.0],[11.35269,44.45291,214.7],[11.35296,44.45283,210.0],[11.35312,44.45277,207.6],[11.35326,44.45272,205.6],[11.35331,44.45271,204.8],[11.35336,44.45269,204.1],[11.35347,44.45264,202.6],[11.35357,44.4526,201.5],[11.35365,44.45257,200.5],[11.35371,44.45254,199.8],[11.35376,44.45251,199.2],[11.35382,44.45248,198.5],[11.35392,44.45242,197.6],[11.35398,44.45239,197.2],[11.35403,44.45234,197.1],[11.35407,44.45231,197.0],[11.35411,44.45226,197.0],[11.35413,44.45223,197.1],[11.35416,44.45219,197.1],[11.3542,44.45214,197.1],[11.35426,44.45205,197.3],[11.35431,44.45197,197.4],[11.35437,44.45189,197.2],[11.35442,44.45181,197.0],[11.35445,44.45177,196.8],[11.35447,44.45174,196.7],[11.3545,44.45171,196.6],[11.35452,44.45168,196.5],[11.35452,44.45165,196.3],[11.35449,44.45162,196.1],[11.35445,44.45161,195.9],[11.35439,44.4516,195.5],[11.35433,44.45161,195.4],[11.35428,44.45162,195.4],[11.35419,44.45163,195.3],[11.35408,44.45167,195.8],[11.35391,44.45172,196.4],[11.35379,44.45175,196.6],[11.35363,44.4518,197.2],[11.35345,44.45185,198.0],[11.35341,44.45186,198.3],[11.35336,44.45186,198.5],[11.3533,44.45187,198.9],[11.35327,44.45187,199.1],[11.35322,44.45187,199.4],[11.35318,44.45186,199.5],[11.35315,44.45185,199.5],[11.3531,44.45181,199.3],[11.35307,44.45178,199.1],[11.35304,44.45175,198.9],[11.35299,44.45166,197.7],[11.35296,44.45159,196.8],[11.35294,44.45154,196.2],[11.35292,44.4515,195.8],[11.35287,44.45137,194.2],[11.35285,44.45131,193.5],[11.35282,44.45124,192.8],[11.35279,44.45117,192.2],[11.35273,44.45103,191.5],[11.3527,44.45096,191.6],[11.35267,44.45088,191.9],[11.35266,44.45082,192.0],[11.35266,44.45078,191.9],[11.35267,44.45075,191.5],[11.35273,44.45066,189.8],[11.35275,44.45061,189.2],[11.35281,44.45053,187.4],[11.35285,44.45047,186.4],[11.35288,44.45043,185.6],[11.35293,44.45039,184.4],[11.35295,44.45036,183.9],[11.35302,44.45029,182.3],[11.35306,44.45024,181.4],[11.35311,44.45018,180.3],[11.35313,44.45014,179.9],[11.35316,44.45007,179.3],[11.35317,44.45,179.3],[11.35321,44.44984,178.7],[11.35323,44.44977,178.3],[11.3533,44.44962,177.0],[11.35334,44.44952,176.3],[11.3534,44.44943,174.9],[11.35342,44.44941,174.3],[11.35345,44.44938,173.5],[11.35349,44.44934,172.4],[11.35355,44.44927,170.7],[11.35359,44.44921,169.5],[11.35362,44.44916,168.6],[11.35364,44.44911,168.0],[11.35365,44.44906,167.7],[11.35366,44.44902,167.3],[11.35366,44.44899,167.2],[11.35366,44.44894,167.0],[11.35366,44.44891,166.9],[11.35363,44.44885,167.3],[11.35362,44.44881,167.4],[11.35359,44.44868,167.3],[11.35359,44.44864,167.0],[11.35357,44.44859,167.0],[11.35355,44.44854,167.0],[11.35354,44.44848,166.6],[11.35347,44.44832,165.9],[11.35345,44.44829,165.8],[11.35341,44.44824,165.9],[11.35334,44.44818,166.3],[11.35332,44.44816,166.4],[11.35323,44.4481,167.1],[11.35305,44.44797,168.0],[11.35296,44.44788,168.0],[11.35284,44.44778,168.2],[11.3528,44.44775,168.3],[11.35274,44.4477,168.4],[11.35267,44.44764,168.6],[11.35265,44.44761,168.3],[11.3526,44.44749,166.7],[11.35257,44.44739,165.4],[11.35257,44.44735,164.8],[11.35257,44.44731,164.2],[11.35257,44.44723,163.0],[11.3526,44.4471,160.8],[11.35263,44.44696,158.5],[11.35264,44.44689,157.4],[11.35266,44.4468,156.1],[11.35267,44.44675,155.4],[11.35267,44.4467,154.8],[11.35265,44.44663,154.4],[11.35264,44.44657,154.0],[11.35264,44.4464,151.9],[11.35264,44.44628,150.2],[11.35264,44.4462,148.8],[11.35264,44.44611,147.1],[11.35263,44.44598,145.0],[11.35262,44.44593,144.4],[11.35262,44.4459,143.9],[11.35262,44.44587,143.4],[11.35259,44.44579,142.6],[11.35252,44.44562,140.8],[11.35246,44.44549,139.0],[11.35243,44.44544,138.5],[11.35239,44.44535,137.2],[11.35234,44.44526,136.0],[11.35228,44.44517,135.3],[11.35219,44.44509,135.5],[11.35204,44.445,136.6],[11.35192,44.44492,137.4],[11.35186,44.44489,138.0],[11.35179,44.44484,138.2],[11.35176,44.44481,138.1],[11.35172,44.44472,136.8],[11.3517,44.44464,135.5],[11.35169,44.44459,134.6],[11.35164,44.44446,132.6],[11.3516,44.44437,131.3],[11.35154,44.44428,130.6],[11.35147,44.44415,129.1],[11.3514,44.44407,128.8],[11.35138,44.44402,128.1],[11.35138,44.44397,127.0],[11.35138,44.44391,125.5],[11.35139,44.44387,124.2],[11.35139,44.44378,122.0],[11.35139,44.44369,119.9],[11.35139,44.44363,118.3],[11.35136,44.44355,116.7],[11.35133,44.44348,115.4],[11.35125,44.44337,113.7],[11.35119,44.44328,112.3],[11.35115,44.44322,111.4],[11.35111,44.44314,109.9],[11.35109,44.44306,108.2],[11.35108,44.443,107.2],[11.35107,44.44294,106.4],[11.35107,44.44287,105.6],[11.35106,44.44281,105.1],[11.35105,44.44271,104.6],[11.35104,44.44262,104.1],[11.35101,44.44238,103.3],[11.35101,44.44232,103.4],[11.351,44.44227,103.6],[11.35096,44.44222,104.3],[11.35093,44.44212,105.2],[11.35083,44.44214,106.0],[11.35052,44.44223,107.5],[11.34979,44.44229,109.4],[11.34965,44.44231,109.4],[11.3495,44.44237,108.8],[11.34934,44.44243,108.2],[11.34927,44.44246,107.9],[11.34926,44.44246,107.9],[11.34922,44.44248,107.8],[11.34921,44.44248,107.8],[11.34921,44.44248,107.8],[11.34855,44.44253,108.9],[11.34815,44.44253,112.9],[11.34783,44.44247,115.1],[11.34763,44.4425,116.6],[11.34763,44.4425,116.6],[11.34763,44.44249,116.6],[11.34637,44.44113,166.1],[11.34558,44.44102,178.5],[11.34556,44.44102,178.7],[11.34523,44.441,181.7],[11.34522,44.441,181.7],[11.34522,44.441,181.7],[11.34497,44.44086,184.6],[11.34497,44.44086,184.6],[11.34477,44.44068,187.9],[11.34477,44.44068,187.9],[11.34598,44.43945,171.8],[11.34641,44.43953,163.2],[11.34583,44.43827,166.7],[11.34601,44.43766,160.8],[11.34614,44.43747,158.3],[11.34614,44.43726,156.6],[11.34611,44.43695,155.4],[11.34618,44.43677,153.6],[11.34625,44.43663,151.8],[11.34624,44.43654,151.6],[11.34624,44.43654,151.6],[11.34621,44.43641,152.2],[11.34522,44.43619,166.3],[11.34445,44.43601,176.3],[11.34334,44.43602,186.1],[11.34284,44.43602,191.0],[11.34256,44.436,193.3],[11.3423,44.43604,196.8],[11.34201,44.43613,195.9],[11.342,44.43613,195.8],[11.34183,44.43614,193.4],[11.34182,44.43614,193.3],[11.34182,44.43614,193.3],[11.34161,44.43603,192.2],[11.34139,44.43589,191.7],[11.34103,44.43574,189.3],[11.34083,44.43559,189.1],[11.34062,44.4355,188.5],[11.34049,44.43569,184.8],[11.34035,44.43579,182.4],[11.3399,44.43591,176.4],[11.33933,44.43601,170.4],[11.33924,44.43628,164.8],[11.33914,44.43643,161.7],[11.33891,44.43662,157.2],[11.33867,44.43682,153.7],[11.33854,44.43689,152.3],[11.33833,44.4371,149.6],[11.33818,44.43716,148.3],[11.33807,44.43723,147.4],[11.33792,44.43727,146.0],[11.33767,44.43736,143.6],[11.33734,44.43748,141.1],[11.33676,44.4377,136.9],[11.3357,44.4381,129.9],[11.33558,44.4382,129.0],[11.33542,44.43848,127.8],[11.33538,44.43849,127.6],[11.33445,44.43864,128.6],[11.33445,44.43863,128.6],[11.33445,44.43863,128.6],[11.33435,44.4382,128.8],[11.33435,44.43819,128.8],[11.33432,44.43803,129.1],[11.3342,44.43789,129.8],[11.3342,44.43789,129.8],[11.33417,44.43767,130.6],[11.33411,44.43758,131.1],[11.33395,44.43733,132.1],[11.33384,44.43727,132.4],[11.33353,44.4373,132.3],[11.33339,44.43727,132.2],[11.33339,44.43727,132.2],[11.33339,44.43727,132.2],[11.33336,44.43721,132.2],[11.33339,44.43707,132.3],[11.33332,44.43686,132.8],[11.33317,44.43678,133.4],[11.33306,44.43677,133.8],[11.33306,44.43677,133.8],[11.33288,44.4366,135.5],[11.33288,44.4366,135.5],[11.33266,44.43626,138.5],[11.33255,44.43616,139.6],[11.33255,44.43616,139.6],[11.33247,44.43609,140.5],[11.33247,44.43609,140.5],[11.33241,44.43596,141.8],[11.33238,44.4359,142.5],[11.3323,44.43575,143.9],[11.33226,44.4357,144.3],[11.33226,44.4357,144.3],[11.33214,44.43555,145.3],[11.33214,44.43555,145.3],[11.33212,44.43541,145.7],[11.33203,44.43528,146.1],[11.332,44.43516,146.2],[11.33199,44.43515,146.3],[11.3319,44.43503,146.6],[11.33175,44.43484,146.5],[11.33167,44.43474,147.2],[11.33166,44.43473,147.3],[11.33162,44.43462,147.9],[11.33152,44.43452,149.2],[11.33151,44.43452,149.3],[11.33151,44.43451,149.3],[11.33141,44.43439,150.2],[11.33141,44.43439,150.2],[11.33141,44.4343,150.3],[11.33143,44.43426,150.3],[11.33152,44.43411,149.9],[11.3315,44.43403,150.4],[11.33147,44.434,150.9],[11.33147,44.434,150.9],[11.33135,44.43389,152.7],[11.33135,44.43389,152.7],[11.33135,44.43384,152.8],[11.33165,44.43365,149.7],[11.33165,44.43365,149.7],[11.33167,44.43362,149.5],[11.33167,44.43362,149.5],[11.3317,44.43357,149.3],[11.33173,44.43353,149.3],[11.33172,44.4335,149.2],[11.33172,44.4335,149.2],[11.33168,44.43339,149.1],[11.33172,44.43329,148.7],[11.33175,44.43322,148.6],[11.33175,44.43321,148.5],[11.3317,44.433,147.4],[11.3317,44.43298,147.3],[11.33166,44.43291,147.0],[11.33165,44.43283,146.5],[11.33159,44.43271,146.1],[11.33179,44.43258,145.8],[11.33183,44.43249,146.5],[11.33181,44.43243,146.6],[11.33202,44.4323,148.9],[11.33206,44.4323,149.2],[11.33218,44.43231,149.9],[11.33224,44.43229,150.3],[11.33232,44.43227,150.8],[11.33233,44.43227,150.8],[11.33243,44.43231,151.6],[11.33243,44.43231,151.6],[11.33251,44.43239,152.5],[11.33251,44.43239,152.5],[11.33263,44.43238,153.7],[11.33265,44.43237,153.9],[11.3327,44.43234,154.3],[11.33274,44.43234,154.7],[11.3328,44.43235,155.4],[11.3328,44.43235,155.4],[11.33287,44.43234,156.1],[11.33287,44.43233,156.0],[11.33289,44.43229,156.1],[11.33296,44.4323,156.9],[11.3335,44.43231,164.0],[11.3335,44.43231,164.0],[11.33356,44.43237,165.6],[11.33356,44.43237,165.6],[11.33366,44.43237,167.1],[11.33367,44.43235,167.0],[11.3338,44.43226,167.9],[11.33384,44.43225,168.3],[11.33391,44.43224,169.3],[11.33391,44.43224,169.3],[11.33405,44.43214,170.3],[11.33425,44.43206,172.3],[11.33427,44.43206,172.5],[11.33442,44.43209,174.7],[11.33453,44.43209,176.2],[11.33458,44.43208,176.8],[11.33461,44.43206,177.0],[11.33464,44.43206,177.4],[11.33491,44.43207,181.0],[11.33497,44.43206,181.9],[11.33511,44.43202,183.8],[11.33512,44.43202,184.0],[11.33542,44.432,189.2],[11.33544,44.43199,189.5],[11.33557,44.43191,191.2],[11.33562,44.43191,192.0],[11.3358,44.43189,195.2],[11.33587,44.43187,196.4],[11.33643,44.43174,206.4],[11.33643,44.43174,206.4],[11.33666,44.43173,209.6],[11.3368,44.43176,211.9],[11.33702,44.43173,214.6],[11.33707,44.43172,215.2],[11.33737,44.43163,217.7],[11.33738,44.43163,217.8],[11.33756,44.43165,219.2],[11.33764,44.43166,219.8],[11.33772,44.43168,220.3],[11.33771,44.43164,219.9],[11.33768,44.43153,218.9],[11.33758,44.4314,217.8],[11.33747,44.43123,217.0],[11.33743,44.43113,216.8],[11.33741,44.43094,217.2],[11.33734,44.43076,217.3],[11.33727,44.43061,216.9],[11.33717,44.43047,216.1],[11.3372,44.43034,216.3],[11.33726,44.43017,216.8],[11.33732,44.43002,217.5],[11.33735,44.42988,217.8],[11.33733,44.42972,217.6],[11.33734,44.42963,217.6],[11.33727,44.42944,218.2],[11.33715,44.42921,220.2],[11.33731,44.42897,226.0],[11.33729,44.42888,228.3],[11.33724,44.42878,230.7],[11.33735,44.42868,234.1],[11.3373,44.42848,239.9],[11.33727,44.42834,244.2],[11.33714,44.42831,245.0],[11.33714,44.42831,245.0],[11.33714,44.42831,245.0],[11.33706,44.42822,247.4],[11.33706,44.42822,247.4],[11.33704,44.42817,248.8],[11.33703,44.42816,249.1],[11.33701,44.42813,249.9],[11.33701,44.4281,250.8],[11.33699,44.42803,252.8],[11.337,44.42792,255.5],[11.33699,44.42783,257.4],[11.33699,44.42782,257.7],[11.33698,44.42772,259.5],[11.33689,44.42763,260.6],[11.33684,44.4276,260.9],[11.33679,44.42757,261.2],[11.33666,44.42753,261.4],[11.33655,44.4275,261.5],[11.33644,44.42745,261.6],[11.33634,44.4274,261.9],[11.33617,44.42732,262.1],[11.33595,44.42721,261.9],[11.33574,44.42713,261.4],[11.33557,44.42706,261.4],[11.33538,44.42698,261.3],[11.33524,44.42693,260.9],[11.33512,44.42689,260.7],[11.33508,44.42688,260.6],[11.33498,44.42684,260.5],[11.33488,44.42679,260.3],[11.33479,44.42672,260.5],[11.33475,44.4267,260.5],[11.33462,44.42661,260.8],[11.33455,44.42658,260.8],[11.33451,44.42656,260.9],[11.33439,44.4265,261.2],[11.33416,44.42641,261.9],[11.33391,44.42631,262.5],[11.33371,44.42623,263.0],[11.33361,44.42619,263.3],[11.33347,44.42611,264.3],[11.33347,44.42611,264.3],[11.33347,44.42611,264.3],[11.33341,44.42605,265.5],[11.33341,44.42605,265.5],[11.33331,44.42595,267.5],[11.33331,44.42594,267.8],[11.33331,44.42594,267.8],[11.33322,44.42585,269.8],[11.33322,44.42585,269.8],[11.33315,44.42578,271.3],[11.33305,44.42571,272.5],[11.33294,44.42566,273.2],[11.33281,44.42561,273.9],[11.33271,44.42558,274.1],[11.33271,44.42558,274.1],[11.3327,44.42557,274.3],[11.33266,44.42556,274.2],[11.33265,44.42555,274.4],[11.33264,44.42555,274.3],[11.33264,44.42555,274.3],[11.33264,44.42555,274.3],[11.3326,44.42553,274.4],[11.33257,44.42552,274.3],[11.33243,44.42547,273.8],[11.33219,44.42538,272.6],[11.33191,44.4253,269.7],[11.33178,44.42527,267.8],[11.33163,44.42525,265.1],[11.33146,44.42524,262.1],[11.33125,44.42521,258.6],[11.33112,44.42518,256.9],[11.33092,44.42513,254.6],[11.33074,44.42509,251.9],[11.33056,44.42504,249.1],[11.3304,44.42499,246.7],[11.33022,44.42493,245.2],[11.33006,44.42487,244.7],[11.3299,44.42482,244.4],[11.32974,44.42477,244.2],[11.3295,44.42465,245.8],[11.32933,44.42455,246.0],[11.32912,44.42443,247.7],[11.32886,44.42429,249.3],[11.3286,44.42415,251.9],[11.32833,44.42404,253.1],[11.32785,44.42388,256.3],[11.32763,44.42379,258.3],[11.32733,44.42368,260.3],[11.32709,44.4236,261.7],[11.32696,44.42357,261.9],[11.32668,44.42354,261.0],[11.32635,44.4235,260.3],[11.32606,44.42339,261.0],[11.32538,44.42294,264.9],[11.32496,44.42272,265.5],[11.32481,44.42268,265.3],[11.32467,44.42265,265.0],[11.32424,44.42268,265.0],[11.32378,44.42274,266.0],[11.32339,44.42281,266.7],[11.32333,44.42282,266.8],[11.32314,44.42281,266.9],[11.32283,44.4228,266.9],[11.32259,44.42276,267.2],[11.32226,44.42271,267.1],[11.3208,44.42232,272.8],[11.31941,44.42191,278.9],[11.31924,44.42183,280.7],[11.31924,44.42183,280.7],[11.31898,44.42155,284.9],[11.31898,44.42155,284.9],[11.31884,44.42143,286.4],[11.31884,44.42143,286.4],[11.31881,44.4214,286.6],[11.3188,44.4214,286.7],[11.31873,44.42137,287.1],[11.3187,44.42136,287.2],[11.3185,44.42132,287.8],[11.31835,44.42128,288.1],[11.31819,44.42124,288.3],[11.31786,44.42117,288.3],[11.3178,44.42116,288.4],[11.31775,44.42116,288.4],[11.31731,44.4212,289.0],[11.31691,44.42122,290.3],[11.31589,44.4213,298.0],[11.3157,44.42132,299.8],[11.31499,44.42137,303.0],[11.31491,44.42138,303.0],[11.31475,44.42139,302.5],[11.31466,44.4214,302.1],[11.31442,44.42143,301.3],[11.31435,44.42144,301.0],[11.3142,44.42145,300.0],[11.31405,44.42143,298.8],[11.3139,44.42139,298.1],[11.31388,44.42138,298.1],[11.31372,44.4213,297.8],[11.31372,44.4213,297.8],[11.31372,44.4213,297.8],[11.31372,44.4213,297.8],[11.31371,44.4213,297.7],[11.3136,44.42123,297.7],[11.31358,44.42122,297.7],[11.31358,44.42122,297.7],[11.31343,44.42112,297.5],[11.31342,44.42111,297.5],[11.31338,44.42113,296.7],[11.31338,44.42113,296.7],[11.31337,44.42114,296.4],[11.31078,44.42285,251.8],[11.30945,44.42373,240.7],[11.30944,44.42374,240.5],[11.30887,44.42411,227.6],[11.30886,44.42411,227.4],[11.30885,44.42412,227.1],[11.30885,44.42412,227.1],[11.30885,44.42412,227.1],[11.30876,44.42416,225.3],[11.30876,44.42416,225.3],[11.30844,44.4243,219.5],[11.30819,44.42455,211.3],[11.30788,44.42463,205.0],[11.3078,44.42469,202.6],[11.30764,44.42487,196.1],[11.30742,44.42502,188.6],[11.30709,44.42519,178.7],[11.30689,44.42532,172.6],[11.30676,44.42544,168.6],[11.3066,44.42548,165.9],[11.30642,44.42557,162.0],[11.30622,44.42575,157.1],[11.30602,44.42594,152.6],[11.30562,44.4262,145.1],[11.30513,44.42639,138.9],[11.30509,44.42641,138.5],[11.30504,44.42643,138.0],[11.30485,44.42638,137.0],[11.30453,44.42639,134.7],[11.30442,44.42639,134.0],[11.30435,44.42646,133.0],[11.30426,44.42656,132.1],[11.30399,44.42672,131.6],[11.30385,44.42681,131.5],[11.30359,44.42696,130.7],[11.30296,44.42711,128.1],[11.30262,44.42724,126.9],[11.30241,44.42734,126.1],[11.30217,44.42739,124.7],[11.30192,44.42746,123.4],[11.30179,44.42757,122.7],[11.30169,44.42768,122.2],[11.30165,44.42773,122.0],[11.3016,44.42779,121.7],[11.30158,44.42782,121.6],[11.30135,44.42794,121.4],[11.30127,44.42795,121.8],[11.3012,44.42796,122.3],[11.30088,44.42807,124.1],[11.30074,44.42817,124.8],[11.3007,44.4282,125.0],[11.30057,44.42828,125.8],[11.30049,44.42831,126.4],[11.30039,44.42834,127.3],[11.30039,44.42834,127.3],[11.30041,44.42843,125.9],[11.3004,44.42844,125.9],[11.3004,44.42844,125.9],[11.3004,44.42848,125.4],[11.30038,44.42859,124.3],[11.30033,44.42865,124.0],[11.30026,44.42874,123.3],[11.30026,44.42881,122.3],[11.30036,44.42889,120.0],[11.30036,44.42889,120.0],[11.30056,44.42908,115.3],[11.30056,44.42908,115.3],[11.30065,44.42927,112.1],[11.30073,44.42933,111.1],[11.30073,44.42933,111.1],[11.30076,44.42939,110.4],[11.30081,44.42952,109.3],[11.30086,44.4297,108.4],[11.30085,44.42984,107.6],[11.30056,44.43007,106.0],[11.30051,44.43015,105.8],[11.3005,44.43031,105.4],[11.30048,44.43038,105.3],[11.30029,44.43047,105.2],[11.30018,44.43058,104.9],[11.29998,44.43067,104.7],[11.29994,44.43074,104.8],[11.29994,44.43075,104.9],[11.2999,44.43082,105.2],[11.2999,44.43082,105.2],[11.2999,44.43082,105.2],[11.29978,44.43092,106.0],[11.29967,44.43095,106.4],[11.29958,44.43096,106.5],[11.29946,44.43098,106.7],[11.29918,44.43099,107.0],[11.29905,44.43103,107.2],[11.29885,44.43115,107.2],[11.2988,44.43118,107.0],[11.29866,44.43123,106.6],[11.29859,44.43126,106.4],[11.29843,44.43131,105.9],[11.29827,44.43136,105.6],[11.29818,44.43137,105.6],[11.29811,44.43145,105.3],[11.29804,44.43149,105.1],[11.29795,44.43158,104.7],[11.29787,44.43168,104.3],[11.29776,44.4318,103.9],[11.29761,44.43194,102.9],[11.29735,44.43211,101.0],[11.2972,44.43222,100.1],[11.29702,44.43232,99.2],[11.29693,44.43241,98.8],[11.29696,44.4325,98.9],[11.29705,44.43257,99.3],[11.29705,44.43257,99.3],[11.29706,44.43265,99.7],[11.29701,44.43268,99.5],[11.2969,44.43271,99.0],[11.29679,44.43274,98.7],[11.29665,44.4327,98.3],[11.29652,44.43268,98.2],[11.29642,44.43275,98.0],[11.29638,44.43285,98.0],[11.29633,44.43299,97.9],[11.29633,44.43299,97.9],[11.29633,44.43299,97.9],[11.2963,44.433,97.8],[11.2963,44.433,97.8],[11.29628,44.43301,97.7],[11.29611,44.43308,97.3],[11.29608,44.43309,97.2],[11.29607,44.43309,97.1],[11.29573,44.43318,96.0],[11.29571,44.43318,95.9],[11.29542,44.43322,95.3],[11.29513,44.43327,94.8],[11.29488,44.43335,94.3],[11.29483,44.43336,94.2],[11.29469,44.43338,93.8],[11.29469,44.43338,93.8],[11.29467,44.43335,93.6],[11.29459,44.43323,93.3],[11.29443,44.43315,93.5],[11.29435,44.43315,93.4],[11.29428,44.43319,93.0],[11.29423,44.43322,92.7],[11.2941,44.4332,92.4],[11.29404,44.4332,92.3],[11.29367,44.4332,91.6],[11.29353,44.43329,91.3],[11.29352,44.43332,91.3],[11.2935,44.43342,91.7],[11.29342,44.43348,91.9],[11.29289,44.43347,90.7],[11.29271,44.43352,90.6],[11.29257,44.43361,90.6],[11.29237,44.43358,90.2],[11.29237,44.43358,90.2],[11.29237,44.43358,90.2],[11.29241,44.43342,89.4],[11.29241,44.43328,88.7],[11.29241,44.4332,88.8],[11.29235,44.43313,89.2],[11.29201,44.43309,89.3],[11.29201,44.43309,89.3],[11.29201,44.43309,89.3],[11.29208,44.43301,90.3],[11.29222,44.43291,91.9],[11.29238,44.43276,94.6],[11.29249,44.43262,97.4],[11.29259,44.43247,101.4],[11.29271,44.43233,105.5],[11.29281,44.4321,111.7],[11.2928,44.432,114.1],[11.29283,44.43193,116.3],[11.29296,44.43178,120.9],[11.29299,44.43169,123.6],[11.29318,44.43145,129.4],[11.29365,44.43052,148.2],[11.29365,44.43037,149.9],[11.29366,44.43012,151.9],[11.29363,44.42998,152.2],[11.29365,44.42981,152.5],[11.29369,44.42956,153.0],[11.29356,44.42924,151.3],[11.29371,44.42887,155.2],[11.29372,44.42883,155.7],[11.29372,44.42882,155.7],[11.29371,44.42875,156.1],[11.29371,44.42873,156.3],[11.29365,44.42859,157.2],[11.2936,44.42847,158.2],[11.29359,44.42843,158.7],[11.29357,44.42824,161.2],[11.29356,44.42817,162.0],[11.29353,44.42804,163.2],[11.29348,44.42799,163.0],[11.29348,44.42799,163.0],[11.29344,44.42782,163.3],[11.29341,44.42767,163.0],[11.29336,44.42758,162.4],[11.29331,44.42755,161.6],[11.2932,44.42761,159.7],[11.29305,44.42761,157.2],[11.29275,44.42755,152.1],[11.29275,44.42755,152.1],[11.29265,44.42741,148.7],[11.29265,44.42741,148.7],[11.29246,44.42716,141.8],[11.29246,44.42716,141.8],[11.29238,44.42704,138.5],[11.2919,44.42688,126.5],[11.29153,44.42691,119.6],[11.29114,44.42696,113.3],[11.29067,44.42711,106.2],[11.29042,44.42714,101.7],[11.29,44.42714,94.4],[11.28984,44.42715,92.2],[11.28966,44.42717,90.2],[11.28954,44.4272,88.9],[11.28938,44.42712,86.5],[11.289,44.42697,81.3],[11.28853,44.42685,76.2],[11.28707,44.42659,72.3],[11.28703,44.42659,72.2],[11.28562,44.42636,72.1],[11.28534,44.42632,71.1],[11.28487,44.42625,70.9],[11.28431,44.42615,74.2],[11.28272,44.42589,78.2],[11.28228,44.42582,77.2],[11.28258,44.42643,78.1],[11.28259,44.42648,78.1],[11.28259,44.42653,78.2],[11.28259,44.4266,78.3],[11.28259,44.42698,77.7],[11.2826,44.42724,75.3],[11.2826,44.428,73.8],[11.28333,44.43093,72.6],[11.28337,44.43109,71.9],[11.28342,44.43118,71.5],[11.28394,44.43214,69.3],[11.28395,44.43269,69.3],[11.28407,44.437,68.2],[11.28409,44.43769,66.2],[11.28314,44.43902,67.1],[11.28253,44.43905,66.7],[11.28239,44.43946,66.2],[11.28216,44.44015,65.9],[11.28112,44.4432,64.9],[11.28108,44.44332,64.9],[11.28328,44.44311,67.0],[11.28555,44.4429,74.0],[11.28778,44.44268,77.7],[11.28811,44.44267,79.6],[11.28824,44.44267,80.5],[11.28831,44.44268,81.1],[11.28834,44.44269,81.5],[11.28838,44.44272,82.0],[11.28839,44.44275,82.4],[11.28839,44.44279,82.8],[11.28839,44.44294,84.6],[11.28839,44.4432,87.4],[11.2884,44.44348,90.9],[11.28841,44.44369,93.6],[11.28841,44.44376,94.4],[11.28842,44.44383,95.4],[11.28842,44.44392,96.6],[11.28842,44.44395,97.0],[11.28841,44.44399,97.3],[11.28839,44.44407,97.9],[11.28836,44.44421,98.5],[11.28835,44.44426,98.6],[11.28835,44.44431,99.0],[11.28835,44.44437,99.4],[11.28836,44.44444,100.1],[11.28837,44.44448,100.6],[11.2884,44.44452,101.6],[11.28842,44.44455,102.2],[11.28847,44.44459,103.5],[11.28852,44.44463,104.8],[11.28858,44.44466,106.2],[11.28864,44.44468,107.7],[11.28869,44.44469,108.8],[11.28875,44.4447,110.1],[11.28884,44.44472,112.1],[11.28891,44.44472,113.5],[11.28898,44.44473,114.9],[11.28903,44.44475,116.1],[11.28907,44.44477,117.0],[11.2891,44.4448,117.7],[11.28913,44.44486,118.5],[11.28917,44.44494,119.4],[11.28922,44.44506,120.5],[11.28928,44.44512,121.4],[11.28933,44.44517,122.2],[11.28939,44.44523,123.2],[11.28944,44.44525,124.0],[11.28958,44.44532,126.6],[11.28966,44.44535,128.1],[11.28986,44.44541,131.7],[11.29014,44.44546,136.6],[11.29039,44.44552,141.2],[11.29052,44.44554,143.8],[11.29063,44.44555,145.8],[11.29076,44.44554,148.0],[11.29086,44.44554,149.8],[11.29096,44.44553,151.5],[11.29108,44.44552,153.4],[11.29129,44.4455,157.1],[11.2915,44.44548,161.1],[11.2917,44.44545,164.1],[11.29188,44.44542,166.9],[11.29203,44.44539,168.9],[11.29226,44.44535,171.4],[11.29241,44.44532,172.7],[11.29259,44.4453,174.4],[11.29271,44.44529,175.6],[11.29284,44.44528,176.6],[11.29309,44.44525,177.6],[11.29345,44.44521,177.5],[11.29371,44.44517,176.3],[11.29387,44.44515,175.7],[11.29399,44.44516,175.9],[11.29411,44.44517,176.1],[11.29417,44.44519,176.5],[11.29422,44.44522,177.4],[11.29428,44.44525,178.2],[11.29434,44.44531,180.0],[11.29441,44.44539,182.4],[11.29448,44.44546,184.2],[11.29454,44.4455,185.0],[11.29461,44.44554,186.0],[11.29473,44.44559,187.3],[11.29481,44.44563,188.3],[11.29487,44.44565,188.6],[11.29501,44.44568,188.9],[11.29515,44.44572,189.2],[11.29521,44.44574,189.5],[11.29538,44.44578,190.0],[11.29548,44.4458,190.2],[11.29552,44.44581,190.4],[11.29558,44.44582,190.5],[11.29568,44.44584,190.9],[11.29575,44.44584,190.8],[11.29585,44.44585,190.9],[11.29596,44.44585,190.8],[11.29605,44.44586,190.9],[11.29611,44.44586,190.8],[11.29618,44.44587,190.8],[11.29625,44.44589,191.0],[11.29636,44.44591,191.2],[11.29648,44.44595,191.6],[11.29746,44.44599,193.1],[11.29768,44.44612,192.7],[11.29794,44.44664,191.2],[11.2983,44.44692,189.7],[11.29836,44.44697,189.4],[11.29843,44.44703,189.1],[11.2985,44.44708,188.8],[11.29856,44.44714,188.7],[11.29861,44.44718,188.5],[11.2987,44.44723,188.2],[11.29874,44.44726,188.1],[11.29879,44.4473,187.9],[11.29883,44.44732,187.8],[11.29894,44.4474,187.3],[11.29902,44.44745,186.9],[11.2991,44.44751,186.6],[11.29915,44.44755,186.4],[11.29918,44.44757,186.3],[11.29926,44.44761,185.9],[11.29934,44.44767,185.5],[11.29945,44.44772,184.9],[11.29954,44.44777,184.4],[11.29956,44.44778,184.3],[11.2996,44.44781,184.0],[11.29963,44.44783,183.8],[11.2997,44.44788,183.3],[11.29978,44.44793,182.8],[11.29986,44.44799,182.1],[11.29993,44.44805,181.5],[11.29996,44.44808,181.2],[11.3,44.44813,180.8],[11.30008,44.4482,180.1],[11.30015,44.44825,179.7],[11.30018,44.44829,179.4],[11.30025,44.44835,178.9],[11.30029,44.44838,178.6],[11.30033,44.44842,178.2],[11.30039,44.44848,177.8],[11.30046,44.44853,177.4],[11.30052,44.44859,177.0],[11.30054,44.44863,176.8],[11.30059,44.44869,176.3],[11.30062,44.44876,175.8],[11.30065,44.44884,175.3],[11.30066,44.44892,174.7],[11.30067,44.44898,174.2],[11.30068,44.44904,173.8],[11.3007,44.44909,173.3],[11.30073,44.44914,172.8],[11.30077,44.44919,172.3],[11.3008,44.44923,171.8],[11.30082,44.44926,171.5],[11.30085,44.44929,171.2],[11.3009,44.44931,170.9],[11.30095,44.44934,170.6],[11.30106,44.4494,170.1],[11.30111,44.44944,169.8],[11.30118,44.44949,169.4],[11.30122,44.44953,169.1],[11.30128,44.4496,168.7],[11.30128,44.44964,168.5],[11.30129,44.4497,168.2],[11.30129,44.44976,167.8],[11.30128,44.44981,167.5],[11.30127,44.44988,167.2],[11.30125,44.44995,167.0],[11.30123,44.45,166.9],[11.30121,44.45004,166.8],[11.30117,44.4501,166.7],[11.30115,44.45013,166.7],[11.30113,44.45015,166.7],[11.30112,44.45017,166.6],[11.30112,44.4502,166.6],[11.30112,44.45024,166.5],[11.30113,44.45028,166.3],[11.30114,44.45032,166.2],[11.30118,44.45044,165.9],[11.3012,44.45051,165.9],[11.30121,44.45055,165.9],[11.30122,44.45059,165.9],[11.30122,44.45061,166.0],[11.30123,44.45064,166.0],[11.30125,44.45068,166.0],[11.30128,44.4507,165.8],[11.30132,44.45073,165.6],[11.30143,44.45077,164.9],[11.30148,44.4508,164.6],[11.30152,44.45083,164.3],[11.30155,44.45086,164.1],[11.30158,44.45089,163.9],[11.30162,44.45095,163.7],[11.30164,44.45099,163.5],[11.30166,44.45105,163.3],[11.30167,44.4511,163.1],[11.30169,44.45113,163.0],[11.30173,44.4512,162.6],[11.30175,44.45125,162.3],[11.30178,44.45128,162.1],[11.3018,44.45131,161.9],[11.30181,44.45135,161.7],[11.30182,44.45138,161.6],[11.30184,44.45143,161.3],[11.30189,44.45147,161.1],[11.30193,44.45153,160.8],[11.30194,44.45156,160.8],[11.30195,44.4516,160.8],[11.30196,44.45164,160.8],[11.30197,44.45168,160.8],[11.30198,44.45172,160.9],[11.30199,44.45175,160.9],[11.302,44.45181,161.0],[11.30201,44.45189,161.2],[11.30202,44.45197,161.4],[11.30203,44.452,161.4],[11.30203,44.45203,161.6],[11.30202,44.45206,161.9],[11.30202,44.4521,162.1],[11.30203,44.45213,162.3],[11.30204,44.45216,162.4],[11.30207,44.4522,162.4],[11.30209,44.45224,162.6],[11.30212,44.45228,162.6],[11.30216,44.45236,162.8],[11.30223,44.45244,162.6],[11.30226,44.45247,162.4],[11.30229,44.4525,162.3],[11.30234,44.45254,162.0],[11.30238,44.45257,161.6],[11.30244,44.45261,160.9],[11.30248,44.45265,160.4],[11.30255,44.45272,159.5],[11.30259,44.45277,159.1],[11.30262,44.45283,158.8],[11.30264,44.45286,158.7],[11.30265,44.45289,158.6],[11.30268,44.45292,158.4],[11.30271,44.45294,158.2],[11.30274,44.45297,158.0],[11.30276,44.45301,157.9],[11.30284,44.45311,157.2],[11.30287,44.45316,156.8],[11.30287,44.45318,156.7],[11.30288,44.45321,156.6],[11.30288,44.45324,156.5],[11.30288,44.45328,156.4],[11.30289,44.45331,156.2],[11.30291,44.45334,156.0],[11.30296,44.45337,155.4],[11.30301,44.4534,155.0],[11.3031,44.45345,154.5],[11.30318,44.4535,154.0],[11.30326,44.45355,153.5],[11.30331,44.4536,153.1],[11.30334,44.45363,152.9],[11.30339,44.45366,152.8],[11.30348,44.45367,153.1],[11.3035,44.4537,153.1],[11.30352,44.45374,153.1],[11.30354,44.45379,153.0],[11.30359,44.45384,153.1],[11.3036,44.45387,153.0],[11.30366,44.45397,152.8],[11.3037,44.45404,152.9],[11.30373,44.45407,152.9],[11.30377,44.45409,153.0],[11.30381,44.45412,153.0],[11.30387,44.45417,153.2],[11.30393,44.45421,153.3],[11.30398,44.45426,153.4],[11.30405,44.45435,153.3],[11.30408,44.45438,153.1],[11.30415,44.45446,152.7],[11.30419,44.4545,152.6],[11.30421,44.45452,152.5],[11.30424,44.45455,152.4],[11.30427,44.45457,152.3],[11.30431,44.4546,152.2],[11.30435,44.45463,152.1],[11.30441,44.45469,151.8],[11.30446,44.45474,151.5],[11.30448,44.45478,151.1],[11.3045,44.45481,150.8],[11.30452,44.45484,150.6],[11.30457,44.4549,150.0],[11.3046,44.45493,149.7],[11.30463,44.45497,149.4],[11.30467,44.455,149.2],[11.3047,44.45503,149.0],[11.30481,44.45512,148.2],[11.30484,44.45515,148.0],[11.30489,44.45518,147.6],[11.30493,44.45521,147.2],[11.30496,44.45525,146.9],[11.30499,44.45528,146.6],[11.30502,44.45532,146.4],[11.30504,44.45535,146.3],[11.30507,44.45538,146.3],[11.30509,44.45542,146.3],[11.30511,44.45545,146.4],[11.30516,44.45553,146.7],[11.30522,44.45558,146.6],[11.30528,44.45562,146.4],[11.30533,44.45563,146.1],[11.3054,44.45564,145.7],[11.30553,44.45565,144.9],[11.3057,44.45565,144.0],[11.30578,44.45565,143.5],[11.30585,44.45567,143.1],[11.30589,44.45568,142.8],[11.30593,44.4557,142.6],[11.30596,44.45572,142.3],[11.30599,44.45574,142.3],[11.30603,44.45577,142.2],[11.30607,44.45581,142.3],[11.3061,44.45584,142.5],[11.30613,44.45588,142.7],[11.30616,44.45592,143.0],[11.30618,44.45595,143.1],[11.30622,44.456,143.3],[11.30629,44.45607,143.5],[11.30637,44.45612,143.5],[11.30644,44.45616,143.6],[11.30649,44.45619,143.7],[11.30653,44.45621,143.7],[11.30657,44.45623,143.7],[11.30664,44.45629,143.3],[11.3067,44.45634,143.0],[11.30674,44.45639,142.5],[11.30677,44.45644,142.0],[11.30679,44.45648,141.7],[11.3068,44.45652,141.3],[11.30681,44.45655,141.1],[11.30682,44.45658,140.8],[11.30682,44.45661,140.7],[11.30683,44.45664,140.6],[11.30684,44.45666,140.5],[11.30685,44.45669,140.4],[11.30687,44.45672,140.4],[11.3069,44.45675,140.3],[11.30695,44.45679,140.2],[11.30702,44.45684,140.1],[11.30709,44.45689,139.9],[11.30714,44.45692,139.7],[11.30718,44.45695,139.5],[11.30722,44.45698,139.3],[11.30729,44.45705,138.9],[11.30737,44.45711,138.5],[11.30746,44.45718,137.9],[11.30752,44.45722,137.4],[11.30757,44.45726,137.1],[11.30762,44.4573,136.8],[11.30766,44.45734,136.5],[11.30769,44.45736,136.5],[11.30772,44.4574,136.4],[11.30777,44.4575,136.0],[11.30782,44.45755,136.1],[11.30784,44.45757,136.1],[11.30792,44.45762,136.2],[11.30802,44.45771,136.0],[11.30809,44.45778,135.8],[11.30814,44.45784,135.8],[11.30821,44.45792,135.9],[11.30825,44.458,135.8],[11.30829,44.45805,135.6],[11.30837,44.45816,134.6],[11.3084,44.45821,134.2],[11.30842,44.45828,133.6],[11.30844,44.45833,133.2],[11.30843,44.45838,132.8],[11.30842,44.45842,132.5],[11.30841,44.45847,132.2],[11.30838,44.45854,132.0],[11.30836,44.45859,131.9],[11.30834,44.45864,131.9],[11.30833,44.45872,131.9],[11.30834,44.45882,131.5],[11.30833,44.45892,131.4],[11.30831,44.45898,131.5],[11.30829,44.45905,131.7],[11.30828,44.45908,131.9],[11.30827,44.45914,132.1],[11.30826,44.45919,132.3],[11.30827,44.45925,132.3],[11.3083,44.45931,132.0],[11.30832,44.45938,131.9],[11.30834,44.45944,131.8],[11.30837,44.4595,131.5],[11.30838,44.45955,131.6],[11.3084,44.4596,131.5],[11.30842,44.45964,131.4],[11.30845,44.45969,131.2],[11.30848,44.45974,131.2],[11.30852,44.45978,131.1],[11.30855,44.45982,131.2],[11.30858,44.45985,131.2],[11.30865,44.4599,131.1],[11.30874,44.45997,131.1],[11.30882,44.46002,130.9],[11.30888,44.46005,130.8],[11.30894,44.46008,130.7],[11.309,44.46012,130.5],[11.30905,44.46016,130.4],[11.30908,44.46019,130.3],[11.30911,44.46023,130.2],[11.30913,44.46026,130.2],[11.30918,44.46034,129.9],[11.30921,44.46041,129.7],[11.30923,44.46044,129.6],[11.30927,44.46048,129.3],[11.30932,44.46052,129.0],[11.30936,44.46054,128.9],[11.30943,44.46057,128.7],[11.30951,44.46061,128.4],[11.30961,44.46068,128.0],[11.3097,44.46073,127.6],[11.30976,44.46077,127.2],[11.30983,44.46082,126.8],[11.30995,44.46088,126.1],[11.31004,44.46091,125.6],[11.31009,44.46093,125.3],[11.31017,44.46096,124.8],[11.31022,44.46098,124.5],[11.3103,44.46102,123.9],[11.31036,44.46106,123.3],[11.31043,44.46112,122.6],[11.31044,44.46116,122.2],[11.31289,44.46217,139.9],[11.3129,44.46221,140.0],[11.31306,44.46269,142.8],[11.31306,44.46272,142.9],[11.31307,44.46281,143.4],[11.31307,44.46289,143.8],[11.31309,44.46328,144.8],[11.31317,44.46326,145.9],[11.31324,44.46354,146.6],[11.31341,44.46429,144.7],[11.31375,44.46426,151.9],[11.31388,44.46425,154.7],[11.31397,44.46438,156.3],[11.31416,44.46485,155.5],[11.31421,44.46493,155.2],[11.31422,44.46496,155.0],[11.31424,44.46501,154.4],[11.31426,44.46507,153.6],[11.31431,44.46527,150.0],[11.31436,44.46551,145.6],[11.3144,44.46566,143.1],[11.31446,44.46598,140.1],[11.31448,44.4661,139.9],[11.3149,44.46596,147.9],[11.31498,44.46594,149.4],[11.31495,44.46617,148.5],[11.31471,44.46678,148.0],[11.31469,44.46693,148.3],[11.31454,44.46708,146.1],[11.31458,44.46709,146.7],[11.31432,44.46735,142.3],[11.31413,44.46754,138.1],[11.31405,44.46761,136.2],[11.31404,44.46766,135.5],[11.31413,44.46782,134.8],[11.31421,44.46796,134.1],[11.31422,44.46803,133.1],[11.31418,44.46813,131.0],[11.31427,44.46829,130.1],[11.31388,44.46842,123.1],[11.31395,44.46847,123.6],[11.31407,44.46855,124.4],[11.31414,44.46848,126.1],[11.31433,44.46851,128.3],[11.31463,44.46857,130.9],[11.31489,44.46876,131.8],[11.31486,44.46886,130.9],[11.31474,44.46894,129.1],[11.3146,44.46898,127.2],[11.31445,44.46901,125.3],[11.31421,44.46904,121.8],[11.31411,44.46908,120.1],[11.31412,44.46929,119.9],[11.31414,44.46945,120.1],[11.31419,44.47007,123.0],[11.31419,44.47011,123.4],[11.31421,44.4702,124.3],[11.31425,44.47028,125.5],[11.31433,44.47043,127.9],[11.31434,44.47047,128.4],[11.31434,44.4705,128.7],[11.31434,44.47053,129.0],[11.31432,44.47055,128.9],[11.31425,44.4706,128.2],[11.31427,44.47068,129.3],[11.31402,44.47081,125.7],[11.31408,44.47087,127.0],[11.31436,44.47117,135.8],[11.3143,44.47118,134.4],[11.31483,44.47159,152.2],[11.31491,44.4717,153.4],[11.31501,44.4719,151.8],[11.31513,44.47215,147.2],[11.31531,44.47255,138.4],[11.3152,44.47258,135.1],[11.31522,44.47273,131.9],[11.31519,44.47276,130.6],[11.31527,44.47273,133.0],[11.31534,44.47287,131.5],[11.31544,44.47299,131.9],[11.31549,44.47306,132.4],[11.31555,44.47312,133.5],[11.31558,44.47315,134.2],[11.3155,44.47315,132.4],[11.31543,44.47317,131.0],[11.31534,44.47317,129.4],[11.31527,44.47319,128.2],[11.31536,44.47355,132.5],[11.31537,44.47359,133.0],[11.31534,44.47361,132.7],[11.31532,44.47363,132.5],[11.31529,44.47368,132.4],[11.31538,44.47374,134.7],[11.31533,44.47373,133.6],[11.31536,44.47379,134.8],[11.31536,44.47394,136.4],[11.3154,44.47401,138.0],[11.3153,44.47403,135.8],[11.31502,44.47462,129.1],[11.31483,44.47463,123.4],[11.31486,44.47483,123.6],[11.31486,44.47509,123.1],[11.31484,44.47518,122.3],[11.31529,44.47525,138.1],[11.31519,44.47567,133.4],[11.31548,44.4758,144.5],[11.31554,44.47592,146.6],[11.31562,44.4761,148.3],[11.31562,44.47613,148.1],[11.31561,44.47638,145.1],[11.3157,44.47644,147.6],[11.3157,44.47647,147.3],[11.31589,44.47648,153.8],[11.31601,44.47645,158.4],[11.31618,44.47647,163.7],[11.31622,44.47656,164.4],[11.31645,44.47727,163.6],[11.3167,44.47713,171.8],[11.31683,44.47721,173.0],[11.31694,44.47714,176.8],[11.31698,44.47734,173.1],[11.31699,44.4774,171.8],[11.31711,44.47742,173.2],[11.31721,44.47742,174.7],[11.31856,44.47738,185.7],[11.31882,44.4777,178.3],[11.31896,44.47764,180.9],[11.31926,44.47803,175.2],[11.31981,44.47776,187.2],[11.31986,44.47781,186.9],[11.32056,44.4778,192.5],[11.32117,44.47799,197.9],[11.32122,44.47802,198.5],[11.32129,44.47806,199.4],[11.32137,44.47809,200.2],[11.32151,44.47812,201.3],[11.32206,44.47826,203.7],[11.3224,44.47834,202.9],[11.32294,44.47848,201.3],[11.32339,44.47859,198.3],[11.32357,44.47864,197.5],[11.32369,44.47868,197.2],[11.32378,44.47873,197.4],[11.32385,44.47878,197.7],[11.32393,44.47885,198.4],[11.324,44.47892,199.2],[11.32407,44.47899,199.8],[11.32414,44.47908,200.6],[11.32423,44.47917,201.2],[11.32428,44.47922,201.6],[11.32435,44.47927,201.6],[11.32447,44.47933,201.1],[11.32463,44.47941,200.5],[11.32333,44.48072,234.9],[11.32322,44.48105,232.6],[11.3236,44.48182,210.9],[11.32377,44.48214,198.1],[11.32391,44.48246,186.5],[11.32481,44.48461,141.8],[11.32482,44.48476,139.3],[11.32491,44.48478,139.6],[11.32493,44.48483,138.8],[11.32517,44.48541,133.3],[11.32516,44.48549,132.6],[11.32524,44.48564,131.6],[11.32524,44.48573,130.7],[11.32527,44.4858,130.1],[11.32533,44.48589,129.1],[11.32545,44.48606,126.9],[11.32559,44.48625,123.8],[11.32566,44.48638,121.9],[11.32566,44.48652,119.7],[11.32565,44.48671,116.1],[11.32569,44.48675,115.1],[11.32584,44.48696,110.1],[11.32587,44.48701,108.8],[11.32592,44.48708,107.2],[11.32596,44.48715,105.8],[11.32603,44.48721,104.6],[11.32609,44.48725,103.8],[11.32618,44.48727,103.6],[11.32628,44.48731,103.0],[11.32638,44.48733,102.5],[11.32652,44.48734,102.0],[11.32669,44.48736,101.0],[11.32675,44.48737,100.6],[11.32679,44.48739,100.1],[11.32692,44.48751,97.5],[11.32705,44.48766,94.7],[11.32719,44.48782,92.2],[11.32739,44.48805,88.9],[11.32744,44.4881,88.2],[11.3275,44.48814,87.7],[11.32761,44.48818,87.4],[11.32792,44.48822,87.9],[11.32811,44.48825,87.9],[11.3282,44.48829,87.4],[11.3282,44.48836,86.3],[11.3282,44.48844,85.1],[11.32821,44.48852,83.8],[11.32824,44.48861,82.4],[11.32829,44.48873,80.9],[11.32838,44.48896,78.7],[11.32854,44.48891,79.3],[11.32933,44.48877,80.7],[11.32993,44.48866,82.9],[11.33007,44.48905,78.3],[11.33014,44.48923,75.9],[11.32982,44.4893,76.2],[11.33006,44.4898,72.2],[11.33018,44.48995,71.4],[11.33054,44.48981,72.1],[11.33073,44.48975,72.5],[11.33127,44.48956,73.8],[11.33164,44.48943,74.8],[11.33209,44.48927,75.9],[11.33235,44.48917,76.8],[11.33348,44.48873,78.3],[11.33359,44.48869,78.3],[11.33446,44.48835,78.0],[11.33459,44.4883,78.3],[11.33556,44.48793,80.8],[11.33588,44.48781,81.4],[11.33642,44.4876,82.5],[11.33697,44.48739,83.5],[11.33714,44.48732,83.7],[11.33734,44.48725,83.6],[11.33743,44.48721,83.7],[11.33812,44.48694,84.2],[11.33908,44.48657,83.7],[11.3394,44.48645,83.0],[11.33955,44.48642,82.6],[11.33956,44.48649,82.5],[11.33959,44.48663,82.1],[11.3396,44.48671,81.9],[11.33962,44.48691,81.4],[11.33963,44.48724,80.7],[11.33965,44.48754,80.4],[11.33972,44.48814,79.8],[11.33975,44.48834,79.3],[11.33981,44.48851,78.8],[11.33988,44.48865,78.6],[11.34006,44.48872,79.1],[11.34015,44.48877,79.1],[11.34021,44.48882,79.2],[11.34024,44.48886,79.1],[11.3403,44.48893,79.1],[11.34069,44.48948,78.3],[11.34072,44.48952,78.2],[11.34078,44.48961,78.1],[11.34084,44.48968,78.1],[11.34106,44.49,77.8],[11.34119,44.49023,77.6],[11.34136,44.49054,77.2],[11.34148,44.49073,77.0],[11.34151,44.49078,77.0],[11.34163,44.49099,76.8],[11.34173,44.49123,76.8],[11.34175,44.49132,76.8],[11.34181,44.49181,76.2],[11.34183,44.49192,76.0],[11.34186,44.49211,75.7],[11.34189,44.49221,75.5],[11.3419,44.49226,75.5],[11.34195,44.49244,75.5],[11.34201,44.49261,75.9],[11.34207,44.4929,76.7],[11.34208,44.49293,76.8],[11.34214,44.49312,77.2],[11.34219,44.49324,77.4],[11.34227,44.4935,76.7],[11.34232,44.49359,76.3],[11.34257,44.49361,76.3],[11.34269,44.494,74.3],[11.34254,44.4941,74.2],[11.34253,44.49427,73.8],[11.34255,44.49443,73.6],[11.34259,44.49491,73.0],[11.34273,44.49542,72.2],[11.34275,44.49553,72.1],[11.34277,44.49557,72.0],[11.34291,44.49614,71.4],[11.34298,44.49636,71.4],[11.34303,44.49654,71.0],[11.34317,44.49699,69.5],[11.34318,44.49704,69.3],[11.34335,44.49761,67.3],[11.3436,44.49847,63.3],[11.34378,44.49907,61.7],[11.34389,44.49942,61.4],[11.34399,44.49979,60.9],[11.34404,44.49996,60.2],[11.34427,44.50075,57.7],[11.3444,44.5012,57.6],[11.34448,44.50143,57.9],[11.34452,44.50157,58.1],[11.34453,44.5016,58.1],[11.3446,44.50182,58.3],[11.34461,44.50184,58.4],[11.34464,44.50197,58.5],[11.34469,44.50212,58.7],[11.3447,44.50218,58.7],[11.34488,44.50277,58.4],[11.34504,44.50339,56.9],[11.34514,44.50374,53.5],[11.34517,44.50384,52.3],[11.3452,44.50395,50.9],[11.34523,44.50405,49.9],[11.34524,44.50411,49.3],[11.34541,44.50471,47.5],[11.34544,44.50477,47.3],[11.34546,44.50483,47.2],[11.34566,44.50549,44.7],[11.34573,44.50574,43.6],[11.34574,44.50578,43.5],[11.3459,44.50575,43.6],[11.34597,44.50574,43.7],[11.34626,44.50569,43.8],[11.34662,44.50564,44.0],[11.34694,44.50558,44.3],[11.3473,44.50552,44.6],[11.34739,44.50551,44.7],[11.34776,44.50544,44.6],[11.34804,44.50539,44.3],[11.3483,44.50534,44.0],[11.34901,44.5052,44.0],[11.34949,44.50511,44.1],[11.35016,44.50497,43.3],[11.35019,44.50496,43.3],[11.35043,44.50493,43.0],[11.35062,44.5049,42.7],[11.35084,44.50487,42.4],[11.35102,44.50485,42.2],[11.35118,44.50482,42.2],[11.35133,44.50479,42.3],[11.35149,44.50476,42.5],[11.35168,44.50473,42.7],[11.35197,44.50465,43.6],[11.35217,44.5046,44.3],[11.35232,44.50455,44.9],[11.3525,44.5045,45.5],[11.35267,44.50445,45.9],[11.3529,44.50437,46.0],[11.35305,44.50432,45.9],[11.35329,44.50423,45.8],[11.35359,44.50411,46.1],[11.35368,44.50407,46.4],[11.35445,44.50376,48.2],[11.35537,44.5034,46.3],[11.35652,44.50293,47.2],[11.35728,44.50263,46.5],[11.35784,44.50241,46.5],[11.35852,44.50214,48.5],[11.35837,44.50207,48.5],[11.35802,44.50188,49.2],[11.35789,44.50181,49.8],[11.35731,44.50152,53.1],[11.35632,44.50099,52.0],[11.35624,44.50095,51.8],[11.35627,44.50077,51.8],[11.35638,44.49998,51.7],[11.35639,44.49979,51.9],[11.35651,44.49886,54.8],[11.35653,44.49866,55.5],[11.35657,44.4986,55.7],[11.35666,44.49836,56.4],[11.3566,44.49816,56.8],[11.35678,44.4965,56.8],[11.35697,44.49481,55.1],[11.35706,44.49428,56.0],[11.35707,44.49403,56.5],[11.35708,44.49393,56.7],[11.35709,44.49377,57.0],[11.35729,44.49207,57.3],[11.35745,44.49057,58.8],[11.35766,44.49069,58.2],[11.35852,44.49045,58.2],[11.35867,44.4904,58.4],[11.35881,44.49035,58.6],[11.35926,44.49022,59.4],[11.35939,44.49018,59.7],[11.3595,44.49015,59.9],[11.35968,44.4901,60.3],[11.36027,44.48992,59.9],[11.36057,44.48983,59.1],[11.36073,44.48978,58.8],[11.36096,44.48971,58.5],[11.36123,44.48963,58.4],[11.3613,44.48961,58.4],[11.36155,44.48954,58.7],[11.36161,44.48952,58.8],[11.36185,44.48945,59.2],[11.36259,44.48923,62.1],[11.36294,44.48912,63.1],[11.36303,44.4891,63.3],[11.36308,44.48919,62.9],[11.3635,44.48906,62.9],[11.36352,44.4891,62.8],[11.36357,44.48909,62.7],[11.3637,44.48928,62.1],[11.36379,44.48925,61.8],[11.36393,44.48921,61.4],[11.364,44.48918,61.2],[11.36412,44.48938,61.0],[11.36439,44.48929,60.2],[11.36455,44.48925,59.8],[11.36459,44.48924,59.7],[11.36495,44.48968,60.3],[11.36502,44.48965,60.2],[11.36516,44.48961,59.9],[11.36521,44.48959,59.8],[11.36557,44.4895,59.5],[11.36569,44.48947,59.5],[11.36588,44.48942,59.4],[11.36618,44.48937,59.3],[11.36628,44.48822,60.3],[11.36637,44.48681,63.0],[11.36635,44.48664,63.2],[11.36718,44.48632,63.3],[11.36756,44.48619,63.3],[11.36912,44.48562,61.9],[11.36987,44.48533,63.7],[11.3705,44.4851,64.0],[11.37094,44.48494,64.0],[11.37143,44.48474,63.4],[11.37231,44.48439,63.3],[11.37246,44.48434,63.4],[11.37258,44.48429,63.4],[11.3728,44.48421,63.6],[11.37315,44.48407,62.3],[11.37342,44.48396,60.9],[11.37449,44.48355,63.1],[11.3756,44.48312,60.4],[11.37611,44.48293,60.6],[11.37623,44.48288,61.0],[11.37624,44.48279,61.4],[11.37625,44.4826,61.9],[11.37625,44.48252,62.1],[11.3763,44.48122,64.5],[11.37631,44.48107,64.5],[11.37632,44.48068,64.7],[11.37633,44.48052,64.9],[11.37634,44.48016,65.5],[11.37635,44.47985,65.5],[11.37636,44.47965,65.3],[11.37637,44.47933,65.1],[11.37639,44.47884,64.9],[11.37641,44.47835,64.7],[11.37642,44.47792,64.9],[11.37644,44.47754,65.8],[11.37645,44.47711,66.4],[11.37646,44.47673,66.8],[11.37647,44.47644,67.7],[11.37648,44.4762,68.4],[11.37649,44.47615,68.6],[11.37649,44.47575,70.1],[11.37649,44.4753,71.2],[11.37648,44.47491,71.2],[11.37646,44.47447,71.1],[11.37641,44.47378,71.3],[11.37636,44.47337,71.8],[11.37631,44.47301,72.5],[11.37623,44.47243,74.4],[11.3762,44.47223,75.2],[11.37606,44.47157,78.1],[11.37594,44.47098,78.4],[11.37584,44.47099,78.4],[11.37576,44.471,78.5],[11.37571,44.47102,78.5],[11.37562,44.47107,78.6],[11.37555,44.47111,78.7],[11.37546,44.47117,78.8],[11.37518,44.47129,78.9],[11.37492,44.47141,78.9],[11.37485,44.47143,78.9],[11.3748,44.47144,78.9],[11.37474,44.47144,79.0],[11.37468,44.47144,79.0],[11.37463,44.47142,79.0],[11.37458,44.4714,79.1],[11.37451,44.47135,79.1],[11.37441,44.47126,79.2],[11.37413,44.47102,79.6],[11.37391,44.47083,80.2],[11.37386,44.47086,80.1],[11.37383,44.47087,80.1],[11.37388,44.47093,79.8],[11.3738,44.47097,79.6],[11.37361,44.47108,79.1],[11.37353,44.47113,78.9],[11.37356,44.47116,78.8],[11.37345,44.47122,78.6],[11.37342,44.47125,78.5],[11.37327,44.47113,79.2],[11.373,44.4709,81.2],[11.37294,44.47084,81.8],[11.37286,44.47091,81.5],[11.37244,44.47121,81.7],[11.37218,44.47141,81.3],[11.37187,44.47163,80.6],[11.37159,44.47184,80.3],[11.37149,44.47192,80.2],[11.37145,44.47197,80.2],[11.3714,44.47199,80.3],[11.37106,44.47211,81.0],[11.37083,44.47218,81.4],[11.3707,44.47223,81.6],[11.37066,44.47226,81.6],[11.37063,44.47229,81.6],[11.37064,44.47243,81.1],[11.37062,44.47246,81.0],[11.37056,44.47248,81.1],[11.37018,44.47254,82.1],[11.3701,44.47256,82.4],[11.37005,44.47259,82.5],[11.37001,44.47264,82.4],[11.36958,44.47258,84.1],[11.36901,44.47256,84.8],[11.36868,44.47257,85.4],[11.36861,44.4726,85.6],[11.36858,44.47254,86.1],[11.36826,44.4721,91.4],[11.36822,44.47207,92.0],[11.36819,44.47204,92.5],[11.36814,44.47201,93.4],[11.36801,44.47199,95.0],[11.3679,44.47198,96.2],[11.36777,44.47197,97.7],[11.3677,44.47198,98.3],[11.36762,44.47199,99.0],[11.36693,44.47226,102.0],[11.3664,44.47246,103.9],[11.36604,44.47261,104.7],[11.36575,44.47272,104.9],[11.36523,44.47292,102.7],[11.36496,44.47304,101.5],[11.36483,44.47312,101.0],[11.36475,44.47317,100.7],[11.36469,44.47323,100.1],[11.36463,44.47328,99.7],[11.36457,44.47337,98.6],[11.3643,44.47372,97.0],[11.36415,44.47391,98.0],[11.36407,44.47389,99.0],[11.36397,44.47383,100.3],[11.36366,44.47359,104.2],[11.3635,44.47345,106.3],[11.36333,44.47331,108.6],[11.36327,44.47322,109.7],[11.36301,44.47287,115.3],[11.36296,44.4727,116.7],[11.36275,44.47217,120.9],[11.36272,44.47211,121.3],[11.36227,44.47218,121.9],[11.36196,44.47217,122.7],[11.36136,44.47223,125.8],[11.36128,44.47227,125.9],[11.36102,44.47233,126.7],[11.3606,44.47244,127.1],[11.36043,44.47243,126.6],[11.36041,44.47254,126.6],[11.36037,44.47273,126.3],[11.36034,44.47291,125.8],[11.36033,44.47303,125.6],[11.36032,44.47328,124.3],[11.36031,44.47338,123.3],[11.3603,44.47342,122.8],[11.36021,44.47359,121.3],[11.36013,44.47373,120.2],[11.36006,44.47384,119.3],[11.36003,44.47387,119.0],[11.36007,44.47389,118.9],[11.36024,44.47397,117.8],[11.36027,44.47399,117.5],[11.36033,44.47402,117.0],[11.3601,44.47424,114.7],[11.36015,44.47429,113.8],[11.36019,44.47432,113.2],[11.36026,44.47441,111.6],[11.36055,44.47468,104.7],[11.36037,44.4748,103.2],[11.36041,44.47484,102.1],[11.3604,44.47488,101.5],[11.36036,44.47492,101.1],[11.36031,44.47494,101.0],[11.36027,44.47495,101.1],[11.36024,44.47495,101.3],[11.36019,44.47494,101.8],[11.36017,44.47491,102.5],[11.36011,44.47491,102.9],[11.35987,44.47503,102.2],[11.35961,44.47476,107.3],[11.35952,44.47467,108.5],[11.35948,44.47463,108.9],[11.35945,44.4746,109.2],[11.35942,44.47457,109.5],[11.35938,44.4746,109.0],[11.35929,44.47475,107.0],[11.35923,44.47484,105.8],[11.35912,44.47498,103.8],[11.35894,44.47517,101.7],[11.3587,44.47542,99.4],[11.35863,44.4755,98.7],[11.35855,44.4756,97.9],[11.35847,44.4757,97.3],[11.35843,44.47577,96.9],[11.35839,44.47585,96.4],[11.35836,44.47592,96.0],[11.35834,44.47599,95.5],[11.35832,44.4761,94.9],[11.35832,44.47619,94.4],[11.35833,44.47628,93.9],[11.35837,44.47639,93.5],[11.35845,44.47654,92.7],[11.35847,44.47659,92.5],[11.35849,44.47663,92.3],[11.35832,44.47663,92.1],[11.35806,44.47665,91.3],[11.35796,44.47666,91.0],[11.35792,44.47667,90.9],[11.35771,44.47669,90.4],[11.35768,44.47665,90.5]]]]}},{"type":"Feature","properties":{"cod_quar":16,"quartiere":"Savena","bbox":[11.34391,44.44208,11.41191,44.49184]},"geometry":{"type":"MultiPolygon","coordinates":[[[[11.37264,44.45226,78.8],[11.37265,44.45178,84.0],[11.37299,44.45145,89.9],[11.37318,44.45137,91.2],[11.37344,44.45067,107.2],[11.37316,44.44924,143.1],[11.37257,44.44912,143.4],[11.37128,44.44852,142.8],[11.37028,44.4482,136.1],[11.36952,44.44787,134.0],[11.36941,44.44778,134.7],[11.36923,44.44773,134.4],[11.36896,44.44792,129.9],[11.36872,44.44808,126.5],[11.36855,44.44813,125.2],[11.36835,44.44815,124.5],[11.36798,44.44831,122.3],[11.36783,44.44849,119.2],[11.36752,44.44886,114.0],[11.3671,44.4492,109.6],[11.36674,44.44931,107.3],[11.36603,44.44953,102.5],[11.36588,44.44953,102.5],[11.36578,44.44954,102.6],[11.36489,44.4498,102.2],[11.3645,44.44999,102.3],[11.36426,44.4501,102.6],[11.36426,44.4501,102.6],[11.3642,44.45013,102.6],[11.36419,44.45013,102.6],[11.36407,44.45017,102.7],[11.36407,44.45017,102.7],[11.36404,44.45018,102.7],[11.36402,44.45018,102.8],[11.36402,44.45018,102.8],[11.36401,44.45018,102.8],[11.36401,44.45018,102.8],[11.364,44.45019,102.8],[11.36393,44.45021,102.8],[11.36369,44.45027,102.8],[11.36369,44.45027,102.8],[11.36362,44.45031,102.8],[11.36232,44.45097,100.6],[11.36231,44.45097,100.6],[11.36231,44.45097,100.6],[11.36227,44.45098,100.6],[11.36227,44.45098,100.6],[11.36213,44.45089,100.6],[11.36213,44.45089,100.6],[11.36197,44.45079,100.7],[11.36197,44.45079,100.7],[11.36194,44.45077,100.8],[11.36194,44.45077,100.8],[11.36183,44.45067,100.9],[11.36183,44.45067,100.9],[11.3618,44.45065,101.0],[11.3618,44.45064,101.0],[11.36179,44.45063,101.0],[11.36166,44.45048,101.6],[11.36166,44.45048,101.6],[11.36143,44.4502,102.9],[11.36143,44.4502,102.9],[11.36122,44.44997,104.0],[11.36108,44.44982,104.9],[11.36094,44.4497,105.5],[11.36094,44.4497,105.5],[11.36075,44.44955,105.7],[11.36051,44.44936,106.0],[11.36051,44.44936,106.0],[11.36036,44.44924,106.0],[11.36036,44.44924,106.0],[11.36028,44.44916,106.0],[11.36028,44.44916,106.0],[11.36021,44.44909,105.9],[11.36021,44.44909,105.9],[11.36017,44.44904,105.9],[11.36017,44.44904,105.9],[11.36014,44.449,105.8],[11.36014,44.449,105.8],[11.36004,44.44887,105.6],[11.35996,44.44878,105.4],[11.35987,44.4487,105.2],[11.35987,44.4487,105.2],[11.35977,44.44861,104.9],[11.35977,44.44861,104.9],[11.3596,44.44847,104.9],[11.35943,44.44833,105.1],[11.35941,44.44832,105.1],[11.35896,44.44797,103.1],[11.35896,44.44797,103.1],[11.35886,44.44788,101.9],[11.35886,44.44788,101.9],[11.35876,44.44778,100.7],[11.35876,44.44778,100.7],[11.3587,44.44766,99.7],[11.3587,44.44766,99.7],[11.35859,44.44746,98.3],[11.35859,44.44746,98.3],[11.35854,44.44736,97.9],[11.35854,44.44736,97.9],[11.35846,44.4472,97.5],[11.35845,44.4472,97.5],[11.35836,44.44703,97.4],[11.35836,44.44703,97.4],[11.35825,44.44682,97.8],[11.35825,44.44681,97.8],[11.35823,44.44678,97.9],[11.35821,44.44675,97.9],[11.35821,44.44675,97.9],[11.35815,44.4468,97.6],[11.35814,44.4468,97.6],[11.35814,44.4468,97.6],[11.35807,44.44682,97.5],[11.3579,44.44674,97.6],[11.35783,44.44671,97.6],[11.35777,44.44668,97.6],[11.35771,44.44665,97.7],[11.35773,44.4463,97.5],[11.35777,44.44607,97.2],[11.35767,44.44531,96.2],[11.35766,44.44528,96.3],[11.35766,44.44528,96.3],[11.35759,44.44511,96.9],[11.35744,44.44504,97.6],[11.35724,44.44503,98.9],[11.35684,44.44506,100.4],[11.35665,44.44508,100.8],[11.35645,44.44505,101.2],[11.35615,44.44495,101.7],[11.3561,44.4449,101.8],[11.35601,44.44482,101.8],[11.35591,44.44465,101.8],[11.35572,44.44432,101.6],[11.35572,44.44432,101.6],[11.35545,44.44379,102.4],[11.35545,44.44379,102.4],[11.35533,44.44367,102.6],[11.35524,44.44358,102.6],[11.35514,44.44354,102.6],[11.35492,44.44344,102.4],[11.3544,44.44326,101.8],[11.35435,44.44324,101.7],[11.35423,44.4432,101.7],[11.35389,44.44313,101.7],[11.35367,44.44311,101.7],[11.35347,44.44313,101.7],[11.35343,44.44313,101.7],[11.35311,44.44307,101.5],[11.3531,44.44307,101.5],[11.3531,44.44307,101.5],[11.35278,44.44301,101.0],[11.35269,44.44295,100.7],[11.35259,44.44281,100.2],[11.35259,44.44281,100.2],[11.3525,44.44256,99.3],[11.3525,44.44255,99.3],[11.3525,44.44254,99.3],[11.35246,44.44226,99.1],[11.35246,44.44226,99.1],[11.35245,44.44216,99.4],[11.35245,44.44216,99.4],[11.35231,44.4421,99.5],[11.35202,44.44209,99.5],[11.35176,44.44208,99.9],[11.35166,44.44208,100.2],[11.35135,44.44208,101.6],[11.35108,44.44208,103.9],[11.35093,44.44212,105.2],[11.35096,44.44222,104.3],[11.351,44.44227,103.6],[11.35101,44.44232,103.4],[11.35101,44.44238,103.3],[11.35104,44.44262,104.1],[11.35105,44.44271,104.6],[11.35106,44.44281,105.1],[11.35107,44.44287,105.6],[11.35107,44.44294,106.4],[11.35108,44.443,107.2],[11.35109,44.44306,108.2],[11.35111,44.44314,109.9],[11.35115,44.44322,111.4],[11.35119,44.44328,112.3],[11.35125,44.44337,113.7],[11.35133,44.44348,115.4],[11.35136,44.44355,116.7],[11.35139,44.44363,118.3],[11.35139,44.44369,119.9],[11.35139,44.44378,122.0],[11.35139,44.44387,124.2],[11.35138,44.44391,125.5],[11.35138,44.44397,127.0],[11.35138,44.44402,128.1],[11.3514,44.44407,128.8],[11.35147,44.44415,129.1],[11.35154,44.44428,130.6],[11.3516,44.44437,131.3],[11.35164,44.44446,132.6],[11.35169,44.44459,134.6],[11.3517,44.44464,135.5],[11.35172,44.44472,136.8],[11.35176,44.44481,138.1],[11.35179,44.44484,138.2],[11.35186,44.44489,138.0],[11.35192,44.44492,137.4],[11.35204,44.445,136.6],[11.35219,44.44509,135.5],[11.35228,44.44517,135.3],[11.35234,44.44526,136.0],[11.35239,44.44535,137.2],[11.35243,44.44544,138.5],[11.35246,44.44549,139.0],[11.35252,44.44562,140.8],[11.35259,44.44579,142.6],[11.35262,44.44587,143.4],[11.35262,44.4459,143.9],[11.35262,44.44593,144.4],[11.35263,44.44598,145.0],[11.35264,44.44611,147.1],[11.35264,44.4462,148.8],[11.35264,44.44628,150.2],[11.35264,44.4464,151.9],[11.35264,44.44657,154.0],[11.35265,44.44663,154.4],[11.35267,44.4467,154.8],[11.35267,44.44675,155.4],[11.35266,44.4468,156.1],[11.35264,44.44689,157.4],[11.35263,44.44696,158.5],[11.3526,44.4471,160.8],[11.35257,44.44723,163.0],[11.35257,44.44731,164.2],[11.35257,44.44735,164.8],[11.35257,44.44739,165.4],[11.3526,44.44749,166.7],[11.35265,44.44761,168.3],[11.35267,44.44764,168.6],[11.35274,44.4477,168.4],[11.3528,44.44775,168.3],[11.35284,44.44778,168.2],[11.35296,44.44788,168.0],[11.35305,44.44797,168.0],[11.35323,44.4481,167.1],[11.35332,44.44816,166.4],[11.35334,44.44818,166.3],[11.35341,44.44824,165.9],[11.35345,44.44829,165.8],[11.35347,44.44832,165.9],[11.35354,44.44848,166.6],[11.35355,44.44854,167.0],[11.35357,44.44859,167.0],[11.35359,44.44864,167.0],[11.35359,44.44868,167.3],[11.35362,44.44881,167.4],[11.35363,44.44885,167.3],[11.35366,44.44891,166.9],[11.35366,44.44894,167.0],[11.35366,44.44899,167.2],[11.35366,44.44902,167.3],[11.35365,44.44906,167.7],[11.35364,44.44911,168.0],[11.35362,44.44916,168.6],[11.35359,44.44921,169.5],[11.35355,44.44927,170.7],[11.35349,44.44934,172.4],[11.35345,44.44938,173.5],[11.35342,44.44941,174.3],[11.3534,44.44943,174.9],[11.35334,44.44952,176.3],[11.3533,44.44962,177.0],[11.35323,44.44977,178.3],[11.35321,44.44984,178.7],[11.35317,44.45,179.3],[11.35316,44.45007,179.3],[11.35313,44.45014,179.9],[11.35311,44.45018,180.3],[11.35306,44.45024,181.4],[11.35302,44.45029,182.3],[11.35295,44.45036,183.9],[11.35293,44.45039,184.4],[11.35288,44.45043,185.6],[11.35285,44.45047,186.4],[11.35281,44.45053,187.4],[11.35275,44.45061,189.2],[11.35273,44.45066,189.8],[11.35267,44.45075,191.5],[11.35266,44.45078,191.9],[11.35266,44.45082,192.0],[11.35267,44.45088,191.9],[11.3527,44.45096,191.6],[11.35273,44.45103,191.5],[11.35279,44.45117,192.2],[11.35282,44.45124,192.8],[11.35285,44.45131,193.5],[11.35287,44.45137,194.2],[11.35292,44.4515,195.8],[11.35294,44.45154,196.2],[11.35296,44.45159,196.8],[11.35299,44.45166,197.7],[11.35304,44.45175,198.9],[11.35307,44.45178,199.1],[11.3531,44.45181,199.3],[11.35315,44.45185,199.5],[11.35318,44.45186,199.5],[11.35322,44.45187,199.4],[11.35327,44.45187,199.1],[11.3533,44.45187,198.9],[11.35336,44.45186,198.5],[11.35341,44.45186,198.3],[11.35345,44.45185,198.0],[11.35363,44.4518,197.2],[11.35379,44.45175,196.6],[11.35391,44.45172,196.4],[11.35408,44.45167,195.8],[11.35419,44.45163,195.3],[11.35428,44.45162,195.4],[11.35433,44.45161,195.4],[11.35439,44.4516,195.5],[11.35445,44.45161,195.9],[11.35449,44.45162,196.1],[11.35452,44.45165,196.3],[11.35452,44.45168,196.5],[11.3545,44.45171,196.6],[11.35447,44.45174,196.7],[11.35445,44.45177,196.8],[11.35442,44.45181,197.0],[11.35437,44.45189,197.2],[11.35431,44.45197,197.4],[11.35426,44.45205,197.3],[11.3542,44.45214,197.1],[11.35416,44.45219,197.1],[11.35413,44.45223,197.1],[11.35411,44.45226,197.0],[11.35407,44.45231,197.0],[11.35403,44.45234,197.1],[11.35398,44.45239,197.2],[11.35392,44.45242,197.6],[11.35382,44.45248,198.5],[11.35376,44.45251,199.2],[11.35371,44.45254,199.8],[11.35365,44.45257,200.5],[11.35357,44.4526,201.5],[11.35347,44.45264,202.6],[11.35336,44.45269,204.1],[11.35331,44.45271,204.8],[11.35326,44.45272,205.6],[11.35312,44.45277,207.6],[11.35296,44.45283,210.0],[11.35269,44.45291,214.7],[11.35262,44.45293,216.0],[11.35241,44.45298,220.3],[11.35231,44.453,222.6],[11.35219,44.45302,225.3],[11.35213,44.45303,226.8],[11.35206,44.45306,228.7],[11.35201,44.45308,230.2],[11.35195,44.45303,231.6],[11.35192,44.45301,232.3],[11.35189,44.45298,233.0],[11.35184,44.45295,234.3],[11.35182,44.45292,234.7],[11.35179,44.45288,235.3],[11.35167,44.45271,237.7],[11.35161,44.45263,239.0],[11.35156,44.45254,239.8],[11.35154,44.45249,239.9],[11.35152,44.45246,240.3],[11.35151,44.45242,240.3],[11.35148,44.45236,240.7],[11.35145,44.4523,241.1],[11.35142,44.45222,241.3],[11.35136,44.45213,242.3],[11.35135,44.4521,242.3],[11.35133,44.45207,242.7],[11.35132,44.45202,242.6],[11.35131,44.45198,242.6],[11.3513,44.45193,242.4],[11.35129,44.45189,242.4],[11.35127,44.45182,242.4],[11.35123,44.45165,241.8],[11.35116,44.45144,240.9],[11.35111,44.45129,240.0],[11.35103,44.45107,239.7],[11.35098,44.45089,239.3],[11.35096,44.45083,239.2],[11.35096,44.45071,238.4],[11.35097,44.45062,237.8],[11.35097,44.45054,237.5],[11.35098,44.45045,237.2],[11.35103,44.45024,236.2],[11.35109,44.45005,234.9],[11.35112,44.44989,234.2],[11.35111,44.44984,234.4],[11.3511,44.44978,234.5],[11.35105,44.44971,235.3],[11.351,44.44966,236.1],[11.35088,44.44959,237.8],[11.35068,44.44947,239.7],[11.35057,44.44942,240.7],[11.35053,44.4494,241.0],[11.35045,44.44939,241.8],[11.3504,44.44938,242.2],[11.35018,44.44938,244.3],[11.35003,44.44935,245.1],[11.34983,44.44925,244.9],[11.34977,44.44923,244.9],[11.34961,44.4492,245.0],[11.34939,44.4492,244.8],[11.34931,44.44921,244.7],[11.34912,44.44924,244.3],[11.34895,44.44928,243.6],[11.34884,44.4493,242.8],[11.34874,44.44933,242.3],[11.34864,44.44937,242.0],[11.34855,44.44941,242.0],[11.34852,44.44942,242.0],[11.3484,44.44948,242.9],[11.34831,44.4495,243.2],[11.34817,44.44953,243.8],[11.34805,44.44954,243.4],[11.34795,44.44956,243.3],[11.34778,44.44959,243.1],[11.34767,44.44961,243.2],[11.34757,44.44965,243.9],[11.34744,44.44968,244.4],[11.34736,44.44969,244.4],[11.34728,44.44969,244.2],[11.34721,44.44969,244.0],[11.34716,44.44969,243.9],[11.34679,44.44966,242.2],[11.34649,44.44964,241.2],[11.34619,44.44962,240.3],[11.34609,44.44962,240.2],[11.34599,44.44962,240.1],[11.34589,44.44963,240.1],[11.3458,44.44964,240.1],[11.34572,44.44967,240.0],[11.34568,44.4497,239.9],[11.34557,44.44967,239.7],[11.34547,44.44965,239.4],[11.34521,44.44956,238.6],[11.3449,44.44944,238.7],[11.34482,44.44942,238.7],[11.34476,44.4494,238.7],[11.34466,44.44938,238.6],[11.34461,44.44937,238.6],[11.34456,44.44936,238.8],[11.34451,44.44936,238.9],[11.34446,44.44935,239.2],[11.3444,44.44935,239.5],[11.34434,44.44935,239.9],[11.34426,44.44935,240.3],[11.34417,44.44936,240.8],[11.3441,44.44936,241.1],[11.34404,44.44937,241.4],[11.34398,44.44938,241.8],[11.34391,44.4494,242.3],[11.34404,44.44942,241.9],[11.34422,44.44946,240.2],[11.34441,44.44951,237.6],[11.34461,44.44959,236.8],[11.34487,44.44972,238.6],[11.34512,44.44986,238.5],[11.34521,44.44992,237.8],[11.34525,44.44996,237.3],[11.34529,44.45001,236.6],[11.34533,44.4501,235.4],[11.34538,44.45021,234.2],[11.34544,44.45029,233.5],[11.34547,44.45034,233.1],[11.34553,44.45041,232.8],[11.34559,44.45047,232.7],[11.34576,44.45061,232.8],[11.34582,44.45064,233.2],[11.34586,44.45068,233.4],[11.34592,44.45077,233.4],[11.34596,44.45092,232.3],[11.34596,44.45102,231.2],[11.34597,44.45106,231.0],[11.34604,44.45121,230.6],[11.34605,44.45124,230.5],[11.34608,44.45129,230.6],[11.34612,44.45135,230.9],[11.34617,44.45141,231.4],[11.34627,44.45151,232.4],[11.3463,44.45155,232.6],[11.34633,44.45159,232.8],[11.34634,44.45164,232.5],[11.34633,44.45168,231.8],[11.34631,44.45172,230.9],[11.34629,44.45177,229.9],[11.34625,44.45182,228.6],[11.34625,44.45185,228.3],[11.34624,44.45188,227.8],[11.34623,44.45193,227.0],[11.34624,44.45198,226.6],[11.34625,44.45202,226.4],[11.34629,44.45211,226.3],[11.34634,44.45221,225.9],[11.3464,44.45228,226.1],[11.34647,44.45233,226.8],[11.34653,44.45236,227.9],[11.3466,44.45239,229.3],[11.34668,44.4524,231.2],[11.34675,44.4524,233.0],[11.3469,44.45241,236.7],[11.34701,44.45243,239.5],[11.34708,44.45245,241.2],[11.34716,44.45249,242.9],[11.34727,44.45254,245.3],[11.34737,44.45257,248.0],[11.34746,44.45259,250.8],[11.34756,44.45264,253.9],[11.34763,44.45271,255.9],[11.34765,44.45275,256.4],[11.34767,44.45283,256.9],[11.34767,44.45289,256.9],[11.34767,44.45294,257.0],[11.34765,44.45305,256.7],[11.34761,44.4532,256.2],[11.34757,44.45332,255.7],[11.34753,44.45342,255.1],[11.34745,44.4536,253.6],[11.34735,44.4538,251.5],[11.34728,44.45394,249.7],[11.34725,44.45401,248.9],[11.34724,44.45407,248.5],[11.34724,44.45414,248.5],[11.34725,44.45432,248.3],[11.34727,44.45441,248.5],[11.34729,44.45448,248.6],[11.34733,44.45454,249.3],[11.34738,44.45458,250.5],[11.34743,44.45461,251.8],[11.34747,44.45464,252.8],[11.34756,44.45467,255.2],[11.34763,44.45469,256.8],[11.3478,44.45471,260.7],[11.34786,44.45472,262.1],[11.3479,44.45476,262.6],[11.34794,44.45482,262.9],[11.34796,44.45487,262.8],[11.34797,44.45497,261.7],[11.34798,44.45509,260.3],[11.34799,44.45518,259.5],[11.348,44.45524,259.2],[11.34801,44.45527,259.1],[11.34802,44.45531,259.0],[11.34804,44.45536,259.1],[11.34807,44.45539,259.5],[11.34813,44.45543,260.6],[11.3482,44.4555,261.7],[11.34826,44.45554,262.8],[11.34833,44.45558,264.3],[11.34838,44.45562,265.2],[11.34842,44.45567,265.8],[11.34848,44.45576,266.7],[11.3485,44.45584,266.9],[11.3485,44.45589,266.9],[11.3485,44.45593,267.0],[11.34847,44.456,266.6],[11.34841,44.4561,265.9],[11.34831,44.45625,264.5],[11.34826,44.45633,263.5],[11.3482,44.45642,262.0],[11.34817,44.45648,261.2],[11.34813,44.45657,260.1],[11.34811,44.45665,259.4],[11.34811,44.45668,259.3],[11.34811,44.45681,258.7],[11.34813,44.45694,258.6],[11.34815,44.45704,258.4],[11.34817,44.45715,257.9],[11.34819,44.45726,257.2],[11.3482,44.45736,256.4],[11.3482,44.45745,255.4],[11.3482,44.45759,254.0],[11.3482,44.45781,251.9],[11.34819,44.45811,249.6],[11.34819,44.45827,248.7],[11.34821,44.45832,248.5],[11.34823,44.45836,248.2],[11.34819,44.45838,248.0],[11.34814,44.45842,247.6],[11.34819,44.45846,247.3],[11.34824,44.45846,247.3],[11.34829,44.45845,247.3],[11.34835,44.45843,247.6],[11.34842,44.45839,248.1],[11.34847,44.45836,248.5],[11.34851,44.45833,248.9],[11.34853,44.45831,249.2],[11.34855,44.45828,249.7],[11.34859,44.45825,250.1],[11.34863,44.45823,250.4],[11.34867,44.45822,250.6],[11.34872,44.45821,250.7],[11.34881,44.4582,250.8],[11.34896,44.45818,250.9],[11.34902,44.45817,250.9],[11.34927,44.4581,251.7],[11.34932,44.45811,251.4],[11.34936,44.45811,251.3],[11.34941,44.45809,251.7],[11.34948,44.45807,252.1],[11.34954,44.45807,252.1],[11.34958,44.45807,252.1],[11.34962,44.45806,252.3],[11.34968,44.45807,251.9],[11.34974,44.45807,251.9],[11.3498,44.45808,251.4],[11.34985,44.45808,251.3],[11.34991,44.45809,250.8],[11.34997,44.45809,250.6],[11.35002,44.45809,250.5],[11.35009,44.4581,249.9],[11.35014,44.45811,249.4],[11.35019,44.45812,249.0],[11.35023,44.45814,248.3],[11.35028,44.45816,247.6],[11.35033,44.45819,246.8],[11.35037,44.4582,246.5],[11.35041,44.45822,246.0],[11.35044,44.45824,245.5],[11.35049,44.45826,245.0],[11.35053,44.45826,245.1],[11.35065,44.45831,244.0],[11.35074,44.45835,243.1],[11.35082,44.45837,243.0],[11.35094,44.45839,243.2],[11.35108,44.45841,243.9],[11.35122,44.45842,245.1],[11.3513,44.45844,245.6],[11.35156,44.45847,248.5],[11.35175,44.45855,250.5],[11.35189,44.45875,251.2],[11.35128,44.45875,240.1],[11.35119,44.45875,238.7],[11.35108,44.45879,236.1],[11.35093,44.45884,232.9],[11.35082,44.4589,230.1],[11.35074,44.45895,227.9],[11.35062,44.45901,225.2],[11.35061,44.45905,224.3],[11.35059,44.4591,223.2],[11.35056,44.45917,221.6],[11.35054,44.45924,220.2],[11.35051,44.45933,218.5],[11.35048,44.45942,217.0],[11.35045,44.45948,215.9],[11.35042,44.45951,215.2],[11.35033,44.45952,214.5],[11.35026,44.45956,213.7],[11.35016,44.45969,212.0],[11.35011,44.45986,209.8],[11.35012,44.45998,208.2],[11.35018,44.46017,205.3],[11.35024,44.4604,202.4],[11.35045,44.4614,193.5],[11.35061,44.46162,190.0],[11.35078,44.46182,187.7],[11.35087,44.46195,186.6],[11.35096,44.4622,185.5],[11.35102,44.46227,184.9],[11.35109,44.46236,184.5],[11.35115,44.46246,184.2],[11.35133,44.46265,182.5],[11.35141,44.46275,181.6],[11.35153,44.46287,180.4],[11.35167,44.46301,179.3],[11.35182,44.46318,177.9],[11.35195,44.46332,176.7],[11.35237,44.46361,174.0],[11.35244,44.46368,173.0],[11.35259,44.46377,171.3],[11.35271,44.46387,169.6],[11.35285,44.46398,167.3],[11.35302,44.46407,164.8],[11.3532,44.46416,162.4],[11.35333,44.46422,160.7],[11.3535,44.46429,158.5],[11.35365,44.46434,156.7],[11.35385,44.4644,154.6],[11.35393,44.46442,153.8],[11.35399,44.46443,153.4],[11.35405,44.46444,152.9],[11.35418,44.46448,151.5],[11.35424,44.46451,150.6],[11.35428,44.46453,149.9],[11.35431,44.46456,149.3],[11.35434,44.46459,148.6],[11.3544,44.4647,146.8],[11.35444,44.46477,145.7],[11.35447,44.46483,145.0],[11.35453,44.46493,144.0],[11.35458,44.465,143.4],[11.35463,44.4651,142.9],[11.35467,44.46516,142.7],[11.35471,44.46523,142.6],[11.35479,44.46535,142.5],[11.35486,44.46541,142.2],[11.35489,44.46543,142.1],[11.35498,44.46546,141.5],[11.3553,44.46555,139.2],[11.35556,44.46563,138.1],[11.35585,44.46578,137.0],[11.35624,44.46594,135.1],[11.35672,44.46624,131.7],[11.35697,44.46637,129.6],[11.35729,44.46656,127.0],[11.35767,44.46681,124.3],[11.35786,44.46701,123.8],[11.358,44.4672,122.9],[11.35803,44.46728,122.5],[11.35806,44.46733,122.2],[11.3581,44.46744,122.0],[11.35817,44.46758,121.9],[11.35825,44.46777,122.0],[11.35829,44.46784,121.7],[11.35847,44.46805,121.3],[11.35855,44.46817,121.7],[11.35858,44.46822,121.9],[11.35863,44.46828,121.8],[11.35874,44.46836,121.3],[11.35883,44.46843,120.9],[11.35898,44.46868,119.9],[11.35902,44.46884,119.7],[11.35915,44.46892,118.0],[11.35923,44.46905,117.4],[11.35942,44.46936,115.9],[11.35964,44.46974,115.6],[11.35973,44.46991,116.4],[11.35985,44.47013,118.0],[11.35987,44.47026,117.7],[11.35987,44.47035,117.3],[11.35982,44.47043,116.4],[11.35973,44.47062,115.3],[11.35966,44.47072,114.6],[11.35962,44.47075,114.2],[11.3595,44.47081,113.4],[11.35942,44.47085,113.1],[11.35918,44.47092,113.1],[11.35915,44.47094,113.2],[11.35912,44.47101,113.3],[11.3591,44.4711,113.1],[11.35909,44.47113,113.0],[11.35908,44.47123,112.6],[11.35907,44.47128,112.4],[11.35904,44.47142,111.9],[11.35902,44.47147,111.7],[11.359,44.47153,111.3],[11.35899,44.47161,110.7],[11.359,44.47166,110.3],[11.35899,44.47174,109.7],[11.35889,44.47181,108.1],[11.35879,44.47193,106.6],[11.35878,44.47199,106.8],[11.3588,44.47203,107.5],[11.35881,44.47206,108.1],[11.35893,44.47215,111.4],[11.35897,44.47219,112.2],[11.35898,44.47223,112.5],[11.35893,44.47233,112.4],[11.35883,44.4724,111.8],[11.35862,44.47263,108.8],[11.35849,44.47273,107.1],[11.35842,44.47276,106.6],[11.35837,44.47277,106.3],[11.35832,44.47278,106.1],[11.35827,44.4728,105.8],[11.35825,44.47283,105.6],[11.35822,44.47292,104.8],[11.3582,44.47304,103.8],[11.35818,44.47307,103.4],[11.35814,44.47309,103.0],[11.35808,44.47311,102.4],[11.35807,44.47314,102.1],[11.35809,44.47317,101.9],[11.35806,44.47318,101.6],[11.35801,44.47319,101.2],[11.35793,44.47326,100.0],[11.35791,44.47329,99.5],[11.35785,44.47333,98.8],[11.35781,44.47338,98.0],[11.35779,44.47345,97.2],[11.35777,44.47348,96.8],[11.35776,44.47354,96.2],[11.35778,44.47358,95.9],[11.35783,44.47364,95.4],[11.35792,44.4737,95.3],[11.35798,44.47375,95.3],[11.35803,44.4738,95.5],[11.35805,44.47387,95.3],[11.35805,44.47393,95.1],[11.358,44.47408,94.3],[11.35788,44.47425,93.4],[11.35759,44.47464,92.8],[11.35753,44.47467,92.7],[11.3575,44.47469,92.8],[11.35747,44.47474,92.7],[11.35735,44.47487,92.5],[11.35729,44.47499,92.1],[11.3572,44.47512,91.6],[11.35703,44.47531,90.9],[11.35688,44.4755,90.1],[11.35691,44.47572,88.2],[11.35698,44.47586,88.1],[11.35703,44.47604,88.6],[11.35707,44.47612,88.9],[11.35711,44.47617,89.2],[11.3573,44.47633,90.1],[11.35751,44.47652,90.5],[11.3576,44.4766,90.5],[11.35763,44.47662,90.5],[11.35768,44.47665,90.5],[11.35771,44.47669,90.4],[11.35792,44.47667,90.9],[11.35796,44.47666,91.0],[11.35806,44.47665,91.3],[11.35832,44.47663,92.1],[11.35849,44.47663,92.3],[11.35847,44.47659,92.5],[11.35845,44.47654,92.7],[11.35837,44.47639,93.5],[11.35833,44.47628,93.9],[11.35832,44.47619,94.4],[11.35832,44.4761,94.9],[11.35834,44.47599,95.5],[11.35836,44.47592,96.0],[11.35839,44.47585,96.4],[11.35843,44.47577,96.9],[11.35847,44.4757,97.3],[11.35855,44.4756,97.9],[11.35863,44.4755,98.7],[11.3587,44.47542,99.4],[11.35894,44.47517,101.7],[11.35912,44.47498,103.8],[11.35923,44.47484,105.8],[11.35929,44.47475,107.0],[11.35938,44.4746,109.0],[11.35942,44.47457,109.5],[11.35945,44.4746,109.2],[11.35948,44.47463,108.9],[11.35952,44.47467,108.5],[11.35961,44.47476,107.3],[11.35987,44.47503,102.2],[11.36011,44.47491,102.9],[11.36017,44.47491,102.5],[11.36019,44.47494,101.8],[11.36024,44.47495,101.3],[11.36027,44.47495,101.1],[11.36031,44.47494,101.0],[11.36036,44.47492,101.1],[11.3604,44.47488,101.5],[11.36041,44.47484,102.1],[11.36037,44.4748,103.2],[11.36055,44.47468,104.7],[11.36026,44.47441,111.6],[11.36019,44.47432,113.2],[11.36015,44.47429,113.8],[11.3601,44.47424,114.7],[11.36033,44.47402,117.0],[11.36027,44.47399,117.5],[11.36024,44.47397,117.8],[11.36007,44.47389,118.9],[11.36003,44.47387,119.0],[11.36006,44.47384,119.3],[11.36013,44.47373,120.2],[11.36021,44.47359,121.3],[11.3603,44.47342,122.8],[11.36031,44.47338,123.3],[11.36032,44.47328,124.3],[11.36033,44.47303,125.6],[11.36034,44.47291,125.8],[11.36037,44.47273,126.3],[11.36041,44.47254,126.6],[11.36043,44.47243,126.6],[11.3606,44.47244,127.1],[11.36102,44.47233,126.7],[11.36128,44.47227,125.9],[11.36136,44.47223,125.8],[11.36196,44.47217,122.7],[11.36227,44.47218,121.9],[11.36272,44.47211,121.3],[11.36275,44.47217,120.9],[11.36296,44.4727,116.7],[11.36301,44.47287,115.3],[11.36327,44.47322,109.7],[11.36333,44.47331,108.6],[11.3635,44.47345,106.3],[11.36366,44.47359,104.2],[11.36397,44.47383,100.3],[11.36407,44.47389,99.0],[11.36415,44.47391,98.0],[11.3643,44.47372,97.0],[11.36457,44.47337,98.6],[11.36463,44.47328,99.7],[11.36469,44.47323,100.1],[11.36475,44.47317,100.7],[11.36483,44.47312,101.0],[11.36496,44.47304,101.5],[11.36523,44.47292,102.7],[11.36575,44.47272,104.9],[11.36604,44.47261,104.7],[11.3664,44.47246,103.9],[11.36693,44.47226,102.0],[11.36762,44.47199,99.0],[11.3677,44.47198,98.3],[11.36777,44.47197,97.7],[11.3679,44.47198,96.2],[11.36801,44.47199,95.0],[11.36814,44.47201,93.4],[11.36819,44.47204,92.5],[11.36822,44.47207,92.0],[11.36826,44.4721,91.4],[11.36858,44.47254,86.1],[11.36861,44.4726,85.6],[11.36868,44.47257,85.4],[11.36901,44.47256,84.8],[11.36958,44.47258,84.1],[11.37001,44.47264,82.4],[11.37005,44.47259,82.5],[11.3701,44.47256,82.4],[11.37018,44.47254,82.1],[11.37056,44.47248,81.1],[11.37062,44.47246,81.0],[11.37064,44.47243,81.1],[11.37063,44.47229,81.6],[11.37066,44.47226,81.6],[11.3707,44.47223,81.6],[11.37083,44.47218,81.4],[11.37106,44.47211,81.0],[11.3714,44.47199,80.3],[11.37145,44.47197,80.2],[11.37149,44.47192,80.2],[11.37159,44.47184,80.3],[11.37187,44.47163,80.6],[11.37218,44.47141,81.3],[11.37244,44.47121,81.7],[11.37286,44.47091,81.5],[11.37294,44.47084,81.8],[11.373,44.4709,81.2],[11.37327,44.47113,79.2],[11.37342,44.47125,78.5],[11.37345,44.47122,78.6],[11.37356,44.47116,78.8],[11.37353,44.47113,78.9],[11.37361,44.47108,79.1],[11.3738,44.47097,79.6],[11.37388,44.47093,79.8],[11.37383,44.47087,80.1],[11.37386,44.47086,80.1],[11.37391,44.47083,80.2],[11.37413,44.47102,79.6],[11.37441,44.47126,79.2],[11.37451,44.47135,79.1],[11.37458,44.4714,79.1],[11.37463,44.47142,79.0],[11.37468,44.47144,79.0],[11.37474,44.47144,79.0],[11.3748,44.47144,78.9],[11.37485,44.47143,78.9],[11.37492,44.47141,78.9],[11.37518,44.47129,78.9],[11.37546,44.47117,78.8],[11.37555,44.47111,78.7],[11.37562,44.47107,78.6],[11.37571,44.47102,78.5],[11.37576,44.471,78.5],[11.37584,44.47099,78.4],[11.37594,44.47098,78.4],[11.37606,44.47157,78.1],[11.3762,44.47223,75.2],[11.37623,44.47243,74.4],[11.37631,44.47301,72.5],[11.37636,44.47337,71.8],[11.37641,44.47378,71.3],[11.37646,44.47447,71.1],[11.37648,44.47491,71.2],[11.37649,44.4753,71.2],[11.37649,44.47575,70.1],[11.37649,44.47615,68.6],[11.37648,44.4762,68.4],[11.37647,44.47644,67.7],[11.37646,44.47673,66.8],[11.37645,44.47711,66.4],[11.37644,44.47754,65.8],[11.37642,44.47792,64.9],[11.37641,44.47835,64.7],[11.37639,44.47884,64.9],[11.37637,44.47933,65.1],[11.37636,44.47965,65.3],[11.37635,44.47985,65.5],[11.37634,44.48016,65.5],[11.37633,44.48052,64.9],[11.37632,44.48068,64.7],[11.37631,44.48107,64.5],[11.3763,44.48122,64.5],[11.37625,44.48252,62.1],[11.37625,44.4826,61.9],[11.37624,44.48279,61.4],[11.37623,44.48288,61.0],[11.37623,44.48299,60.6],[11.37622,44.4833,59.9],[11.37621,44.48352,60.0],[11.37619,44.48414,60.6],[11.37619,44.48424,60.6],[11.37616,44.48497,60.4],[11.37615,44.48531,59.8],[11.37614,44.48555,59.4],[11.37613,44.48592,59.4],[11.37611,44.48627,60.0],[11.37611,44.48643,60.2],[11.3761,44.48665,60.2],[11.37616,44.48665,60.1],[11.3762,44.48665,60.0],[11.37629,44.48665,59.8],[11.3764,44.48664,59.6],[11.37653,44.48662,59.3],[11.37711,44.48652,59.0],[11.37724,44.48649,59.2],[11.3773,44.48661,58.9],[11.37769,44.48778,56.4],[11.37771,44.48781,56.3],[11.37791,44.48838,56.0],[11.37795,44.48846,56.4],[11.37799,44.48858,56.9],[11.37801,44.48863,57.2],[11.3782,44.48904,59.1],[11.37831,44.48923,59.7],[11.3785,44.48957,60.1],[11.37856,44.48968,59.9],[11.3787,44.49003,58.9],[11.37881,44.49001,58.7],[11.37894,44.48997,58.2],[11.37913,44.4899,57.6],[11.3792,44.48989,57.3],[11.37962,44.48974,55.9],[11.37988,44.48969,55.2],[11.37995,44.48969,55.0],[11.38011,44.48968,54.8],[11.38017,44.48967,54.7],[11.38026,44.48968,54.6],[11.38034,44.48969,54.5],[11.38048,44.48971,54.3],[11.38076,44.48976,54.1],[11.38082,44.48976,54.1],[11.38093,44.48977,54.1],[11.38099,44.48977,54.1],[11.38107,44.48976,54.2],[11.38111,44.48976,54.2],[11.38116,44.48975,54.3],[11.38139,44.48967,54.7],[11.38149,44.48965,54.8],[11.38152,44.48964,54.8],[11.38162,44.48961,55.0],[11.38178,44.48958,55.2],[11.38235,44.48946,55.7],[11.38287,44.48934,55.0],[11.38349,44.48923,53.9],[11.38422,44.49149,52.9],[11.38417,44.49149,52.9],[11.38419,44.49155,53.0],[11.38421,44.49162,53.1],[11.38423,44.49171,53.4],[11.38426,44.49181,53.6],[11.38429,44.49184,53.7],[11.38633,44.49099,52.3],[11.38698,44.49073,52.0],[11.3874,44.49056,51.8],[11.38773,44.49043,51.7],[11.3878,44.4904,51.7],[11.38785,44.49038,51.7],[11.38796,44.49033,51.7],[11.38834,44.49019,51.6],[11.38868,44.49007,51.4],[11.38894,44.48997,51.3],[11.38891,44.48992,51.3],[11.38916,44.48983,51.4],[11.39015,44.48944,54.0],[11.39091,44.48914,54.6],[11.391,44.4891,54.6],[11.39114,44.48905,54.6],[11.39156,44.48888,54.7],[11.3925,44.4885,55.8],[11.3931,44.48827,56.5],[11.39373,44.48801,56.9],[11.39378,44.48799,56.8],[11.39417,44.48783,56.5],[11.39451,44.4877,55.9],[11.39469,44.48762,55.6],[11.3952,44.48741,54.9],[11.39584,44.48716,54.4],[11.39631,44.48697,54.9],[11.39669,44.48681,55.6],[11.3968,44.48677,55.8],[11.39711,44.48664,56.5],[11.3976,44.48645,57.3],[11.39789,44.48633,56.7],[11.39817,44.48622,56.0],[11.39868,44.48601,55.9],[11.39902,44.48587,56.5],[11.3992,44.4858,56.7],[11.39973,44.48558,57.1],[11.40013,44.48542,57.3],[11.40057,44.48525,57.3],[11.40061,44.48523,57.3],[11.40103,44.48506,57.6],[11.4014,44.48491,58.1],[11.40195,44.48469,57.7],[11.40204,44.48466,57.3],[11.40239,44.48452,55.7],[11.40285,44.48433,54.6],[11.40343,44.4841,52.9],[11.40397,44.48388,52.7],[11.40438,44.48371,52.7],[11.40482,44.48354,52.8],[11.40516,44.4834,52.7],[11.4054,44.4833,52.5],[11.40587,44.48311,52.3],[11.40611,44.48302,52.0],[11.4064,44.4829,51.8],[11.40679,44.48274,52.1],[11.40721,44.48257,52.3],[11.40759,44.48242,52.8],[11.40794,44.48228,53.4],[11.40825,44.48216,54.0],[11.40863,44.48201,54.7],[11.40895,44.48188,54.9],[11.40931,44.48173,54.8],[11.40961,44.48161,55.1],[11.40988,44.4815,55.4],[11.41023,44.48136,55.9],[11.41059,44.48122,56.1],[11.41105,44.48103,56.6],[11.41108,44.48102,56.7],[11.41148,44.48086,57.4],[11.41167,44.48079,57.4],[11.41182,44.48072,57.1],[11.41188,44.48071,57.1],[11.41191,44.4807,57.0],[11.41187,44.48067,56.6],[11.41186,44.48067,56.6],[11.41181,44.48065,56.3],[11.41181,44.48064,56.2],[11.4118,44.48064,56.2],[11.41173,44.48061,55.8],[11.41173,44.48061,55.8],[11.41124,44.48027,52.9],[11.411,44.48012,52.3],[11.4107,44.47993,52.0],[11.41039,44.47974,52.2],[11.41039,44.47974,52.2],[11.41023,44.47961,52.3],[11.41004,44.47952,52.6],[11.40997,44.47947,52.8],[11.40994,44.47945,52.9],[11.4099,44.47942,53.0],[11.40987,44.4794,53.1],[11.40984,44.47938,53.2],[11.40976,44.4793,53.5],[11.40964,44.47918,54.0],[11.40956,44.47911,54.4],[11.40949,44.47905,54.7],[11.4094,44.47897,55.1],[11.40928,44.47882,55.6],[11.40918,44.47869,56.1],[11.40909,44.47861,56.4],[11.40906,44.47858,56.5],[11.40898,44.47853,56.6],[11.40893,44.47849,56.6],[11.40878,44.47833,56.6],[11.40878,44.47833,56.6],[11.4087,44.47823,56.4],[11.4087,44.47823,56.4],[11.40855,44.478,56.2],[11.40855,44.478,56.2],[11.40846,44.47783,56.0],[11.40846,44.47783,56.0],[11.4083,44.47767,56.0],[11.40823,44.47762,56.0],[11.40823,44.47762,56.0],[11.40805,44.47749,56.0],[11.40786,44.47741,56.2],[11.40779,44.47738,56.2],[11.40759,44.47727,56.6],[11.4075,44.47723,56.8],[11.40717,44.47711,57.1],[11.40697,44.47705,57.2],[11.40663,44.47695,57.5],[11.40614,44.47679,58.7],[11.40569,44.47659,59.6],[11.40558,44.47653,59.8],[11.40524,44.47635,60.2],[11.40524,44.47635,60.2],[11.40499,44.4762,59.8],[11.4047,44.47603,59.1],[11.4047,44.47603,59.1],[11.4046,44.47596,58.8],[11.40449,44.47588,58.6],[11.40444,44.47585,58.6],[11.40422,44.47571,58.6],[11.40418,44.47568,58.7],[11.40418,44.47568,58.7],[11.40398,44.47552,59.1],[11.40389,44.47544,59.4],[11.40389,44.47544,59.4],[11.40382,44.47539,59.6],[11.40382,44.47539,59.6],[11.40345,44.47507,60.3],[11.40345,44.47507,60.3],[11.40331,44.47495,60.2],[11.4033,44.47495,60.2],[11.40309,44.47468,60.2],[11.40309,44.47468,60.2],[11.40289,44.47453,60.1],[11.40279,44.47445,60.2],[11.40279,44.47445,60.2],[11.40272,44.47437,60.3],[11.40261,44.47425,60.6],[11.40261,44.47425,60.6],[11.40243,44.47406,61.4],[11.40243,44.47406,61.4],[11.40235,44.47389,62.2],[11.40235,44.47389,62.2],[11.40215,44.47366,63.0],[11.40215,44.47366,63.0],[11.40193,44.47345,63.2],[11.40193,44.47345,63.2],[11.4017,44.47325,63.5],[11.4017,44.47325,63.5],[11.40169,44.47321,63.7],[11.40168,44.47318,63.8],[11.40168,44.47318,63.8],[11.40168,44.47318,63.8],[11.4015,44.47296,64.9],[11.4015,44.47296,64.9],[11.40135,44.4727,66.5],[11.40135,44.4727,66.5],[11.4012,44.47253,67.0],[11.4012,44.47253,67.0],[11.40109,44.47237,67.2],[11.40109,44.47237,67.2],[11.4009,44.47211,67.2],[11.4009,44.47211,67.2],[11.40079,44.47197,67.2],[11.40079,44.47197,67.2],[11.40066,44.47181,67.0],[11.40066,44.47181,67.0],[11.40059,44.47173,66.8],[11.40059,44.47173,66.8],[11.40021,44.47141,65.8],[11.4002,44.47141,65.7],[11.40006,44.4713,65.6],[11.40006,44.4713,65.6],[11.40001,44.47123,65.7],[11.40001,44.47123,65.7],[11.39996,44.47119,65.8],[11.39996,44.47119,65.8],[11.39973,44.47093,66.3],[11.39973,44.47093,66.3],[11.39958,44.47078,66.6],[11.39958,44.47078,66.6],[11.39957,44.47077,66.6],[11.39954,44.47073,66.6],[11.39954,44.47073,66.6],[11.39948,44.47067,66.7],[11.39938,44.47057,66.7],[11.39938,44.47057,66.7],[11.39934,44.47052,66.7],[11.39934,44.47052,66.7],[11.39923,44.47037,66.8],[11.39923,44.47037,66.8],[11.3991,44.47021,66.8],[11.3991,44.47021,66.8],[11.39903,44.47006,66.9],[11.39903,44.47006,66.9],[11.39894,44.46992,67.1],[11.39894,44.46992,67.1],[11.39887,44.46972,67.6],[11.39887,44.46972,67.6],[11.39885,44.46965,67.9],[11.39885,44.46965,67.9],[11.39882,44.46953,68.3],[11.39882,44.46953,68.3],[11.39876,44.46932,69.5],[11.39876,44.46932,69.5],[11.39867,44.46915,71.1],[11.39853,44.46904,72.1],[11.39853,44.46904,72.1],[11.3984,44.46895,72.7],[11.3984,44.46895,72.7],[11.39827,44.46881,73.5],[11.39805,44.46869,73.9],[11.39805,44.46869,73.9],[11.39769,44.46844,74.8],[11.39768,44.46843,74.8],[11.39738,44.46829,74.8],[11.3971,44.46825,74.4],[11.397,44.46824,74.3],[11.39656,44.4682,72.6],[11.39638,44.46818,71.7],[11.39628,44.46816,71.3],[11.39603,44.46816,70.4],[11.3958,44.46821,69.7],[11.39579,44.46821,69.6],[11.39579,44.46821,69.6],[11.39556,44.46825,69.0],[11.39543,44.46828,68.5],[11.39533,44.46829,68.2],[11.39524,44.4683,67.9],[11.39512,44.46824,67.7],[11.39485,44.46816,67.7],[11.39455,44.46805,68.3],[11.3944,44.468,68.5],[11.39445,44.46796,68.4],[11.39497,44.46756,69.5],[11.39497,44.46756,69.5],[11.39538,44.46726,72.4],[11.39598,44.46686,74.4],[11.39642,44.4666,74.9],[11.39674,44.46646,75.5],[11.39726,44.46607,77.8],[11.39736,44.46599,78.0],[11.39885,44.46502,80.1],[11.39925,44.46476,79.5],[11.39984,44.46445,80.5],[11.40004,44.46434,80.7],[11.40018,44.46425,80.8],[11.40019,44.46425,80.8],[11.40022,44.46425,80.8],[11.40025,44.46425,80.8],[11.40026,44.46425,80.8],[11.40034,44.4642,80.9],[11.40047,44.46411,81.0],[11.40065,44.464,81.2],[11.40077,44.46391,81.2],[11.4009,44.46381,81.2],[11.40102,44.46372,81.1],[11.40115,44.46362,80.9],[11.40132,44.4635,80.4],[11.40149,44.46339,79.9],[11.4016,44.46333,79.6],[11.4019,44.46318,78.8],[11.40229,44.463,78.1],[11.40237,44.46296,78.0],[11.40237,44.4629,78.1],[11.40227,44.46279,78.4],[11.40197,44.46244,79.1],[11.40189,44.46233,79.3],[11.40174,44.46214,79.8],[11.40159,44.46194,80.6],[11.4015,44.46179,81.3],[11.40104,44.46121,86.0],[11.40074,44.46132,85.5],[11.40056,44.4612,86.2],[11.40043,44.46094,87.2],[11.40035,44.4609,87.2],[11.40035,44.4609,87.2],[11.40022,44.46084,87.2],[11.39962,44.46113,87.6],[11.39962,44.46113,87.6],[11.3992,44.46127,88.7],[11.39913,44.4613,88.8],[11.39868,44.46151,88.9],[11.39845,44.46161,89.0],[11.3984,44.46163,89.1],[11.39762,44.46196,90.8],[11.39761,44.46197,90.8],[11.39761,44.46197,90.8],[11.39759,44.46197,90.9],[11.39746,44.4619,91.7],[11.39746,44.4619,91.7],[11.3974,44.46194,91.8],[11.39507,44.46372,92.4],[11.39484,44.46364,93.3],[11.39449,44.46341,94.9],[11.39449,44.46341,94.9],[11.39433,44.46325,95.6],[11.39433,44.46325,95.6],[11.39421,44.46313,95.9],[11.39411,44.46313,96.0],[11.39395,44.46305,96.1],[11.39395,44.46305,96.1],[11.39374,44.46291,96.1],[11.39374,44.46291,96.1],[11.39367,44.46284,96.1],[11.39367,44.46284,96.1],[11.39333,44.4622,96.0],[11.39313,44.46182,96.1],[11.3929,44.46172,96.6],[11.39141,44.46193,102.9],[11.39073,44.46155,101.6],[11.3895,44.46056,99.4],[11.38799,44.46032,102.0],[11.38798,44.46048,101.2],[11.38661,44.46056,101.7],[11.38708,44.46186,96.1],[11.38628,44.46209,92.3],[11.38628,44.46209,92.3],[11.38628,44.46209,92.3],[11.38538,44.46071,101.3],[11.38525,44.46063,101.7],[11.38471,44.46058,99.7],[11.38407,44.46036,98.0],[11.38354,44.46023,93.8],[11.38354,44.46023,93.8],[11.38277,44.45971,93.5],[11.38277,44.45971,93.5],[11.38265,44.45947,95.9],[11.38265,44.45947,95.9],[11.3826,44.45938,96.7],[11.3826,44.45938,96.7],[11.38199,44.45898,94.4],[11.37937,44.45994,79.1],[11.37934,44.45995,79.0],[11.37921,44.46,78.5],[11.37908,44.45994,78.3],[11.37897,44.45989,78.0],[11.37875,44.45985,76.9],[11.37875,44.45985,76.9],[11.37844,44.45984,75.2],[11.37843,44.45984,75.2],[11.37841,44.45983,75.1],[11.37841,44.45983,75.1],[11.3784,44.45983,75.1],[11.37821,44.45973,74.3],[11.37786,44.45953,73.4],[11.37747,44.45942,72.8],[11.37701,44.45935,73.3],[11.37638,44.45927,74.4],[11.37608,44.45918,75.1],[11.37547,44.45912,75.4],[11.37513,44.45905,75.6],[11.37477,44.4589,76.5],[11.37459,44.45879,77.0],[11.37459,44.45879,77.0],[11.37441,44.4586,77.1],[11.37441,44.4586,77.1],[11.37432,44.45845,77.0],[11.37432,44.45845,77.0],[11.37425,44.45829,76.7],[11.37425,44.45829,76.7],[11.37418,44.45819,76.6],[11.37418,44.45819,76.6],[11.37413,44.45812,76.6],[11.37413,44.45812,76.6],[11.37411,44.45803,76.3],[11.37418,44.45778,75.4],[11.37431,44.4574,74.8],[11.37433,44.45722,74.7],[11.37429,44.45712,74.6],[11.37436,44.45686,74.6],[11.37433,44.45671,74.8],[11.37433,44.45671,74.8],[11.3742,44.45649,75.4],[11.3742,44.45649,75.4],[11.37416,44.45644,75.6],[11.374,44.45636,76.2],[11.374,44.45636,76.2],[11.37391,44.4562,76.8],[11.37391,44.4562,76.8],[11.37395,44.45595,77.9],[11.37397,44.45575,78.9],[11.37408,44.45552,79.7],[11.37415,44.45536,80.3],[11.37424,44.4552,80.8],[11.37435,44.45491,81.3],[11.37441,44.4547,81.3],[11.37454,44.45427,80.4],[11.37464,44.45384,80.1],[11.37462,44.4537,80.0],[11.37454,44.45343,80.0],[11.37432,44.45334,79.5],[11.37432,44.45334,79.5],[11.37417,44.45318,79.6],[11.37417,44.45318,79.6],[11.37409,44.45294,80.6],[11.37397,44.45279,80.8],[11.37387,44.45271,80.8],[11.37347,44.45271,78.0],[11.37339,44.45271,77.8],[11.37328,44.45268,77.8],[11.37326,44.45268,77.9],[11.37322,44.45267,78.0],[11.37322,44.45267,78.0],[11.37321,44.45267,78.0],[11.3732,44.45267,78.1],[11.3732,44.45267,78.1],[11.37306,44.45264,78.4],[11.37296,44.45262,78.5],[11.37292,44.45261,78.6],[11.37287,44.4526,78.6],[11.37286,44.4526,78.6],[11.37285,44.4526,78.7],[11.37284,44.45259,78.7],[11.37283,44.45259,78.7],[11.37283,44.45259,78.7],[11.37282,44.45259,78.7],[11.37267,44.45255,78.7],[11.37265,44.45255,78.7],[11.37265,44.45255,78.7],[11.37265,44.45255,78.7],[11.37264,44.45226,78.8]]]]}}]}